"","challengename","PRECURSOR_MZ","ION_MODE","RT","nPeaks","NAME","SMILES","IUPAC","INCHIKEY","CSID","PC_CID"
"XX815654","Training-001",179.0574," NEGATIVE",2.169,2,"Theophyllin","CN1C2=C(NC=N2)C(=O)N(C)C1=O","InChI=1S/C7H8N4O2/c1-10-5-4(8-3-9-5)6(12)11(2)7(10)13/h3H,1-2H3,(H,8,9)","ZFXYFBGIUFBOJW-UHFFFAOYSA-N","2068","2153"
"XX823851","Training-002",273.0339," NEGATIVE",4.166,4,"Phenylbenzimidazole sulfonic acid","OS(=O)(=O)C1=CC=C2N=C(NC2=C1)C1=CC=CC=C1","InChI=1S/C13H10N2O3S/c16-19(17,18)10-6-7-11-12(8-10)15-13(14-11)9-4-2-1-3-5-9/h1-8H,(H,14,15)(H,16,17,18)","UVCJGUGAGLDPAA-UHFFFAOYSA-N","31267","33919"
"XX878751","Training-003",273.0339," NEGATIVE",4.209,4,"Phenylbenzimidazole sulfonic acid","OS(=O)(=O)C1=CC=C2N=C(NC2=C1)C1=CC=CC=C1","InChI=1S/C13H10N2O3S/c16-19(17,18)10-6-7-11-12(8-10)15-13(14-11)9-4-2-1-3-5-9/h1-8H,(H,14,15)(H,16,17,18)","UVCJGUGAGLDPAA-UHFFFAOYSA-N","31267","33919"
"XX807051","Training-004",183.0047," NEGATIVE",6.228,9,"2,4-Dinitrophenol","OC1=C(C=C(C=C1)[N+]([O-])=O)[N+]([O-])=O","InChI=1S/C6H4N2O5/c9-6-2-1-4(7(10)11)3-5(6)8(12)13/h1-3,9H","UFBJCMHMOXMLKC-UHFFFAOYSA-N","1448","1493"
"XX831851","Training-005",321.0051," NEGATIVE",6.873,19,"0020_Chloramphenicol","OC[C@@H](NC(=O)C(Cl)Cl)[C@H](O)C1=CC=C(C=C1)[N+]([O-])=O","InChI=1S/C11H12Cl2N2O5/c12-10(13)11(18)14-8(5-16)9(17)6-1-3-7(4-2-6)15(19)20/h1-4,8-10,16-17H,5H2,(H,14,18)/t8-,9-/m1/s1","WIIZWVCIJKGZOK-RKDXNWHRSA-N","5744","5959"
"XX816551","Training-006",183.0047," NEGATIVE",7.116,18,"2,3-Dinitrophenol","OC1=C(C(=CC=C1)[N+]([O-])=O)[N+]([O-])=O","InChI=1S/C6H4N2O5/c9-5-3-1-2-4(7(10)11)6(5)8(12)13/h1-3,9H","MHKBMNACOMRIAW-UHFFFAOYSA-N","5956","6191"
"XX823751","Training-007",212.9792," NEGATIVE",7.394,2,"Perfluorobutanoic acid","OC(=O)C(F)(F)C(F)(F)C(F)(F)F","InChI=1S/C4HF7O2/c5-2(6,1(12)13)3(7,8)4(9,10)11/h(H,12,13)","YPJUNDFVDDCYIH-UHFFFAOYSA-N","9394","9777"
"XX864456","Training-008",249.0227," NEGATIVE",7.493,4,"0509_Bisphenol S","Oc1ccc(cc1)S(=O)(=O)c1ccc(O)cc1","InChI=1S/C12H10O4S/c13-9-1-5-11(6-2-9)17(15,16)12-7-3-10(14)4-8-12/h1-8,13-14H","VPWNQTHUCYMVMZ-UHFFFAOYSA-N","6374","6626"
"XX852651","Training-009",355.1122," NEGATIVE",8.036,7,"2265_Pioglitazone","CCC1=CC=C(CCOC2=CC=C(CC3SC(=O)NC3=O)C=C2)N=C1","InChI=1S/C19H20N2O3S/c1-2-13-3-6-15(20-12-13)9-10-24-16-7-4-14(5-8-16)11-17-18(22)21-19(23)25-17/h3-8,12,17H,2,9-11H2,1H3,(H,21,22,23)","HYAFETHFCAUJAY-UHFFFAOYSA-N","4663","4829"
"XX820653","Training-010",165.9791," NEGATIVE",8.303,3,"2-Mercaptobenzothiazole","SC1=NC2=CC=CC=C2S1","InChI=1S/C7H5NS2/c9-7-8-5-3-1-2-4-6(5)10-7/h1-4H,(H,8,9)","YXIWHUQXZSMYRE-UHFFFAOYSA-N","608157","697993"
"XX881155","Training-011",207.0121," NEGATIVE",8.502,3,"0329_2-Naphthalene sulfonic acid","OS(=O)(=O)C1=CC2=CC=CC=C2C=C1","InChI=1S/C10H8O3S/c11-14(12,13)10-6-5-8-3-1-2-4-9(8)7-10/h1-7H,(H,11,12,13)","KVBGVZZKJNLNJU-UHFFFAOYSA-N","8113","8420"
"XX819252","Training-012",347.1183," NEGATIVE",8.519,16,"Torasemide","CC(C)NC(=O)NS(=O)(=O)c1cnccc1Nc1cccc(C)c1","InChI=1S/C16H20N4O3S/c1-11(2)18-16(21)20-24(22,23)15-10-17-8-7-14(15)19-13-6-4-5-12(3)9-13/h4-11H,1-3H3,(H,17,19)(H2,18,20,21)","NGBFQHCMQULJNZ-UHFFFAOYSA-N","38123","41781"
"XX833651","Training-013",382.0679," NEGATIVE",8.646,18,"2361_pantoprazole","COC1=CC=NC(CS(=O)C2=NC3=CC=C(OC(F)F)C=C3N2)=C1OC","InChI=1S/C16H15F2N3O4S/c1-23-13-5-6-19-12(14(13)24-2)8-26(22)16-20-10-4-3-9(25-15(17)18)7-11(10)21-16/h3-7,15H,8H2,1-2H3,(H,20,21)","IQPSEEYGBUAQFF-UHFFFAOYSA-N","4517","4679"
"XX850151","Training-014",329.0004," NEGATIVE",9.167,39,"0034_Furosemide","NS(=O)(=O)c1cc(C(O)=O)c(NCc2ccco2)cc1Cl","InChI=1S/C12H11ClN2O5S/c13-9-5-10(15-6-7-2-1-3-20-7)8(12(16)17)4-11(9)21(14,18)19/h1-5,15H,6H2,(H,16,17)(H2,14,18,19)","ZZUFCTLCJUWOSV-UHFFFAOYSA-N","3322","3440"
"XX882851","Training-015",253.0506," NEGATIVE",9.231,21,"0498_Daidzein","OC1=CC=C(C=C1)C1=COC2=CC(O)=CC=C2C1=O","InChI=1S/C15H10O4/c16-10-3-1-9(2-4-10)13-8-19-14-7-11(17)5-6-12(14)15(13)18/h1-8,16-17H","ZQSIJRDFPHDXIC-UHFFFAOYSA-N","4445025","5281708"
"XX865851","Training-016",327.0099," NEGATIVE",9.398,15,"0066_Sulcotrione","CS(=O)(=O)c1ccc(C(=O)C2C(=O)CCCC2=O)c(Cl)c1","InChI=1S/C14H13ClO5S/c1-21(19,20)8-5-6-9(10(15)7-8)14(18)13-11(16)3-2-4-12(13)17/h5-7,13H,2-4H2,1H3","PQTBTIFWAXVEPB-UHFFFAOYSA-N","82858","91760"
"XX838051","Training-017",239.0496," NEGATIVE",9.455,10,"0015_Bentazone","CC(C)N1C(=O)c2ccccc2NS1(=O)=O","InChI=1S/C10H12N2O3S/c1-7(2)12-10(13)8-5-3-4-6-9(8)11-16(12,14)15/h3-7,11H,1-2H3","ZOMSMJKLGFBRBS-UHFFFAOYSA-N","2238","2328"
"XX844052","Training-018",273.8509," NEGATIVE",9.455,3,"0526_Bromoxynil","Oc1c(Br)cc(cc1Br)C#N","InChI=1S/C7H3Br2NO/c8-5-1-4(3-10)2-6(9)7(5)11/h1-2,11H","UPMXNNIRAGDFEH-UHFFFAOYSA-N","14775","15531"
"XX834351","Training-019",358.142," NEGATIVE",9.634,24,"Capecitabine","CCCCCOC(=O)NC1=NC(=O)N(C=C1F)[C@@H]1O[C@H](C)[C@@H](O)[C@H]1O","InChI=1S/C15H22FN3O6/c1-3-4-5-6-24-15(23)18-12-9(16)7-19(14(22)17-12)13-11(21)10(20)8(2)25-13/h7-8,10-11,13,20-21H,3-6H2,1-2H3,(H,17,18,22,23)/t8-,10-,11-,13-/m1/s1","GAGWJHPBXLXJQN-UORFTKCHSA-N","54916","60953"
"XX882751","Training-020",269.0455," NEGATIVE",9.955,33,"0497_Genistein","OC1=CC=C(C=C1)C1=COC2=CC(O)=CC(O)=C2C1=O","InChI=1S/C15H10O5/c16-9-3-1-8(2-4-9)11-7-20-13-6-10(17)5-12(18)14(13)15(11)19/h1-7,16-18H","TZBJGXHYKVUXJN-UHFFFAOYSA-N","4444448","5280961"
"XX817153","Training-021",239.035," NEGATIVE",9.971,9,"Anthraflavic acid","OC1=CC=C2C(=O)C3=CC(O)=CC=C3C(=O)C2=C1","InChI=1S/C14H8O4/c15-7-1-3-9-11(5-7)14(18)10-4-2-8(16)6-12(10)13(9)17/h1-6,15-16H","APAJFZPFBHMFQR-UHFFFAOYSA-N","6518","6776"
"XX858253","Training-022",387.1481," NEGATIVE",10.038,5,"0467_Cetirizine","OC(=O)COCCN1CCN(CC1)C(c1ccccc1)c1ccc(Cl)cc1","InChI=1S/C21H25ClN2O3/c22-19-8-6-18(7-9-19)21(17-4-2-1-3-5-17)24-12-10-23(11-13-24)14-15-27-16-20(25)26/h1-9,21H,10-16H2,(H,25,26)","ZKLPARSLTMPFCP-UHFFFAOYSA-N","2577","2678"
"XX877753","Training-023",231.0097," NEGATIVE",10.126,6,"0016_Diuron","CN(C)C(=O)NC1=CC=C(Cl)C(Cl)=C1","InChI=1S/C9H10Cl2N2O/c1-13(2)9(14)12-6-3-4-7(10)8(11)5-6/h3-5H,1-2H3,(H,12,14)","XMTQQYYKAHVGBJ-UHFFFAOYSA-N","3008","3120"
"XX880251","Training-024",307.0282," NEGATIVE",10.224,34,"0293_Benzophenone-4","COC1=CC(O)=C(C=C1S(O)(=O)=O)C(=O)C1=CC=CC=C1","InChI=1S/C14H12O6S/c1-20-12-8-11(15)10(7-13(12)21(17,18)19)14(16)9-5-3-2-4-6-9/h2-8,15H,1H3,(H,17,18,19)","CXVGEDCSTKKODG-UHFFFAOYSA-N","18829","19988"
"XX860452","Training-025",285.0436," NEGATIVE",10.251,3,"0615_Oxazepam","OC1N=C(c2ccccc2)c2cc(Cl)ccc2NC1=O","InChI=1S/C15H11ClN2O2/c16-10-6-7-12-11(8-10)13(9-4-2-1-3-5-9)18-15(20)14(19)17-12/h1-8,15,20H,(H,17,19)","ADIMAYPTOBDMTL-UHFFFAOYSA-N","4455","4616"
"XX860053","Training-026",319.0047," NEGATIVE",10.387,6,"0588_Lorazepam","OC1N=C(c2ccccc2Cl)c2cc(Cl)ccc2NC1=O","InChI=1S/C15H10Cl2N2O2/c16-8-5-6-12-10(7-8)13(19-15(21)14(20)18-12)9-3-1-2-4-11(9)17/h1-7,15,21H,(H,18,20)","DIWRORZWFLOCLC-UHFFFAOYSA-N","3821","3958"
"XX833251","Training-027",213.0557," NEGATIVE",10.566,10,"2,4-dihydroxybenzophenone","OC1=CC(O)=C(C=C1)C(=O)C1=CC=CC=C1","InChI=1S/C13H10O3/c14-10-6-7-11(12(15)8-10)13(16)9-4-2-1-3-5-9/h1-8,14-15H","ZXDDPOHVAMWLBH-UHFFFAOYSA-N","8254","8572"
"XX854751","Training-028",213.0324," NEGATIVE",10.676,2,"0008_Clofibric Acid","CC(C)(Oc1ccc(Cl)cc1)C(O)=O","InChI=1S/C10H11ClO3/c1-10(2,9(12)13)14-8-5-3-7(11)4-6-8/h3-6H,1-2H3,(H,12,13)","TXCGAZHTZHNUAI-UHFFFAOYSA-N","2695","2797"
"XX848453","Training-029",215.9988," NEGATIVE",10.789,5,"2356_Propanil","CCC(=O)Nc1ccc(Cl)c(Cl)c1","InChI=1S/C9H9Cl2NO/c1-2-9(13)12-6-3-4-7(10)8(11)5-6/h3-5H,2H2,1H3,(H,12,13)","LFULEKSKNZEWOE-UHFFFAOYSA-N","4764","4933"
"XX856255","Training-030",253.087," NEGATIVE",10.829,7,"0174_Ketoprofen","CC(C(O)=O)c1cccc(c1)C(=O)c1ccccc1","InChI=1S/C16H14O3/c1-11(16(18)19)13-8-5-9-14(10-13)15(17)12-6-3-2-4-7-12/h2-11H,1H3,(H,18,19)","DKYWVDODHFEZIM-UHFFFAOYSA-N","3693","3825"
"XX857754","Training-031",319.1187," NEGATIVE",10.829,64,"0445_Mycophenolic acid","COc1c(C)c2COC(=O)c2c(O)c1C\C=C(/C)CCC(O)=O","InChI=1S/C17H20O6/c1-9(5-7-13(18)19)4-6-11-15(20)14-12(8-23-17(14)21)10(2)16(11)22-3/h4,20H,5-8H2,1-3H3,(H,18,19)/b9-4+","HPNSFSBZBAHARI-RUDMXATFSA-N","393865","446541"
"XX860752","Training-032",421.1549," NEGATIVE",10.849,33,"2260_Losartan","CCCCC1=NC(Cl)=C(CO)N1CC1=CC=C(C=C1)C1=C(C=CC=C1)C1=NNN=N1","InChI=1S/C22H23ClN6O/c1-2-3-8-20-24-21(23)19(14-30)29(20)13-15-9-11-16(12-10-15)17-6-4-5-7-18(17)22-25-27-28-26-22/h4-7,9-12,30H,2-3,8,13-14H2,1H3,(H,25,26,27,28)","PSIFNNKUMBGKDQ-UHFFFAOYSA-N","3824","3961"
"XX818756","Training-033",427.2252," NEGATIVE",10.884,15,"Irbesartan","CCCCC1=NC2(CCCC2)C(=O)N1Cc1ccc(-c2ccccc2C2NN=NN=2)cc1","InChI=1S/C25H28N6O/c1-2-3-10-22-26-25(15-6-7-16-25)24(32)31(22)17-18-11-13-19(14-12-18)20-8-4-5-9-21(20)23-27-29-30-28-23/h4-5,8-9,11-14H,2-3,6-7,10,15-17H2,1H3,(H,27,28,29,30)","YOSHYTLCDANDAN-UHFFFAOYSA-N","3618","3749"
"XX861551","Training-034",429.0538," NEGATIVE",10.964,15,"2341_Bicalutamide","CC(O)(CS(=O)(=O)c1ccc(F)cc1)C(=O)Nc1ccc(C#N)c(c1)C(F)(F)F","InChI=1S/C18H14F4N2O4S/c1-17(26,10-29(27,28)14-6-3-12(19)4-7-14)16(25)24-13-5-2-11(9-23)15(8-13)18(20,21)22/h2-8,26H,10H2,1H3,(H,24,25)","LKJPYSCBVHEWIU-UHFFFAOYSA-N","2284","2375"
"XX863955","Training-035",193.087," NEGATIVE",11.128,3,"0395_Butylparaben","CCCCOC(=O)c1ccc(O)cc1","InChI=1S/C11H14O3/c1-2-3-8-14-11(13)9-4-6-10(12)7-5-9/h4-7,12H,2-3,8H2,1H3","QFOHBWFCKVYLES-UHFFFAOYSA-N","6916","7184"
"XX806853","Training-036",174.9723," NEGATIVE",11.166,3,"2,4-Dichloro-6-Methylphenol","CC1=CC(Cl)=CC(Cl)=C1O","InChI=1S/C7H6Cl2O/c1-4-2-5(8)3-6(9)7(4)10/h2-3,10H,1H3","WJQZZLQMLJPKQH-UHFFFAOYSA-N","14557","15292"
"XX843853","Training-037",332.0904," NEGATIVE",11.226,32,"0511_Flurtamone","CNC1=C(C(=O)C(O1)c1ccccc1)c1cccc(c1)C(F)(F)F","InChI=1S/C18H14F3NO2/c1-22-17-14(12-8-5-9-13(10-12)18(19,20)21)15(23)16(24-17)11-6-3-2-4-7-11/h2-10,16,22H,1H3","NYRMIJKDBAQCHC-UHFFFAOYSA-N","82853","91755"
"XX842051","Training-038",213.0324," NEGATIVE",11.245,3,"0277_Mecoprop","CC(Oc1ccc(Cl)cc1C)C(O)=O","InChI=1S/C10H11ClO3/c1-6-5-8(11)3-4-9(6)14-7(2)10(12)13/h3-5,7H,1-2H3,(H,12,13)","WNTGYJSOUMFZEP-UHFFFAOYSA-N","6886","7153"
"XX813751","Training-039",194.9177," NEGATIVE",11.251,2,"2,4,6-Trichlorphenol","OC1=C(Cl)C=C(Cl)C=C1Cl","InChI=1S/C6H3Cl3O/c7-3-1-4(8)6(10)5(9)2-3/h1-2,10H","LINPIYWFGCPVIE-UHFFFAOYSA-N","21106172","6914"
"XX834752","Training-040",307.0976," NEGATIVE",11.306,16,"Warfarin","CC(=O)CC(C1=CC=CC=C1)C1=C(O)C2=CC=CC=C2OC1=O","InChI=1S/C19H16O4/c1-12(20)11-15(13-7-3-2-4-8-13)17-18(21)14-9-5-6-10-16(14)23-19(17)22/h2-10,15,21H,11H2,1H3","PJVWKTKQMONHTI-UHFFFAOYSA-N","10442445","54678486"
"XX854852","Training-041",360.1008," NEGATIVE",11.436,7,"0009_Bezafibrate","CC(C)(Oc1ccc(CCNC(=O)c2ccc(Cl)cc2)cc1)C(O)=O","InChI=1S/C19H20ClNO4/c1-19(2,18(23)24)25-16-9-3-13(4-10-16)11-12-21-17(22)14-5-7-15(20)8-6-14/h3-10H,11-12H2,1-2H3,(H,21,22)(H,23,24)","IIBYAHWJQTYFKB-UHFFFAOYSA-N","35728","39042"
"XX868551","Training-042",278.1398," NEGATIVE",11.464,18,"0431_Metolachlor OA","CCC1=CC=CC(C)=C1N(C(C)COC)C(=O)C(O)=O","InChI=1S/C15H21NO4/c1-5-12-8-6-7-10(2)13(12)16(11(3)9-20-4)14(17)15(18)19/h6-8,11H,5,9H2,1-4H3,(H,18,19)","LNOOSYCKMKZOJB-UHFFFAOYSA-N","21170688","15842092"
"XX816651","Training-043",194.9177," NEGATIVE",11.544,3,"2,4,5-Trichlorphenol","OC1=C(Cl)C=C(Cl)C(Cl)=C1","InChI=1S/C6H3Cl3O/c7-3-1-5(9)6(10)2-4(3)8/h1-2,10H","LHJGJYXLEPZJPM-UHFFFAOYSA-N","7001","7271"
"XX827751","Training-044",239.035," NEGATIVE",11.591,8,"1,3-Dihydroxyanthraquinone","Oc1cc(O)c2C(=O)c3ccccc3C(=O)c2c1","InChI=1S/C14H8O4/c15-7-5-10-12(11(16)6-7)14(18)9-4-2-1-3-8(9)13(10)17/h1-6,15-16H","WPWWKBNOXTZDQJ-UHFFFAOYSA-N","170598","196978"
"XX806451","Training-045",194.9177," NEGATIVE",11.679,2,"2,3,5-Trichlorphenol","OC1=C(Cl)C(Cl)=CC(Cl)=C1","InChI=1S/C6H3Cl3O/c7-3-1-4(8)6(9)5(10)2-3/h1-2,10H","WWGQHTJIFOQAOC-UHFFFAOYSA-N","13030","13619"
"XX864752","Training-046",194.9177," NEGATIVE",11.756,2,"0954_3,4,5-trichlorophenol","Oc1cc(Cl)c(Cl)c(Cl)c1","InChI=1S/C6H3Cl3O/c7-4-1-3(10)2-5(8)6(4)9/h1-2,10H","GBNHEBQXJVDXSW-UHFFFAOYSA-N","11366","11859"
"XX868651","Training-047",328.1224," NEGATIVE",11.894,12,"0432_Metolachlor ESA","CCC1=CC=CC(C)=C1N(C(C)COC)C(=O)CS(O)(=O)=O","InChI=1S/C15H23NO5S/c1-5-13-8-6-7-11(2)15(13)16(12(3)9-21-4)14(17)10-22(18,19)20/h6-8,12H,5,9-10H2,1-4H3,(H,18,19,20)","CIGKZVUEZXGYSV-UHFFFAOYSA-N","4932269","6426849"
"XX846552","Training-048",345.0874," NEGATIVE",11.911,103,"2536_Oryzalin","CCCN(CCC)C1=C(C=C(C=C1[N+]([O-])=O)S(N)(=O)=O)[N+]([O-])=O","InChI=1S/C12H18N4O6S/c1-3-5-14(6-4-2)12-10(15(17)18)7-9(23(13,21)22)8-11(12)16(19)20/h7-8H,3-6H2,1-2H3,(H2,13,21,22)","UNAHYJYOSSSJHH-UHFFFAOYSA-N","27326","29393"
"XX860851","Training-049",434.2198," NEGATIVE",11.928,55,"2269_Valsartan","CCCCC(=O)N(CC1=CC=C(C=C1)C1=CC=CC=C1C1=NNN=N1)[C@@H](C(C)C)C(O)=O","InChI=1S/C24H29N5O3/c1-4-5-10-21(30)29(22(16(2)3)24(31)32)15-17-11-13-18(14-12-17)19-8-6-7-9-20(19)23-25-27-28-26-23/h6-9,11-14,16,22H,4-5,10,15H2,1-3H3,(H,31,32)(H,25,26,27,28)/t22-/m0/s1","ACWBQPMHZXGDFX-QFIPXVFZSA-N","54833","60846"
"XX816753","Training-050",326.7661," NEGATIVE",11.937,2,"2,4,6-Tribromphenol","OC1=C(Br)C=C(Br)C=C1Br","InChI=1S/C6H3Br3O/c7-3-1-4(8)6(10)5(9)2-3/h1-2,10H","BSWWXRFVMJHFBN-UHFFFAOYSA-N","1438","1483"
"XX865252","Training-051",266.9985," NEGATIVE",12.084,3,"2587_Dichlorophen","OC1=CC=C(Cl)C=C1CC1=C(O)C=CC(Cl)=C1","InChI=1S/C13H10Cl2O2/c14-10-1-3-12(16)8(6-10)5-9-7-11(15)2-4-13(9)17/h1-4,6-7,16-17H,5H2","MDNWOSOZYLHTCG-UHFFFAOYSA-N","2929","3037"
"XX814053","Training-052",217.0426," NEGATIVE",12.256,2,"2-Benzyl-4-chlorophenol","OC1=C(CC2=CC=CC=C2)C=C(Cl)C=C1","InChI=1S/C13H11ClO/c14-12-6-7-13(15)11(9-12)8-10-4-2-1-3-5-10/h1-7,9,15H,8H2","NCKMMSIFQUPKCK-UHFFFAOYSA-N","8118","8425"
"XX878353","Training-053",434.9314," NEGATIVE",12.263,49,"0062_Fipronil","NC1=C(C(=NN1C1=C(Cl)C=C(C=C1Cl)C(F)(F)F)C#N)S(=O)C(F)(F)F","InChI=1S/C12H4Cl2F6N4OS/c13-5-1-4(11(15,16)17)2-6(14)8(5)24-10(22)9(7(3-21)23-24)26(25)12(18,19)20/h1-2H,22H2","ZOCSXAVNDGMNBV-UHFFFAOYSA-N","3235","3352"
"XX818656","Training-054",239.0673," NEGATIVE",12.334,18,"Dinoseb","CCC(C)c1cc(cc(c1O)N(=O)=O)N(=O)=O","InChI=1S/C10H12N2O5/c1-3-6(2)8-4-7(11(14)15)5-9(10(8)13)12(16)17/h4-6,13H,3H2,1-2H3","OWZPCEFYPSAJFR-UHFFFAOYSA-N","6684","6950"
"XX851853","Training-055",314.0201," NEGATIVE",12.374,34,"2254_Efavirenz","FC(F)(F)[C@]1(OC(=O)NC2=C1C=C(Cl)C=C2)C#CC1CC1","InChI=1S/C14H9ClF3NO2/c15-9-3-4-11-10(7-9)13(14(16,17)18,21-12(20)19-11)6-5-8-1-2-8/h3-4,7-8H,1-2H2,(H,19,20)/t13-/m0/s1","XPOQHMRABVBWPR-ZDUSSCGKSA-N","57715","64139"
"XX884652","Training-056",450.9263," NEGATIVE",12.688,41,"2605_Fipronil sulfone","C1=C(C=C(C(=C1Cl)N2C(=C(C(=N2)C#N)S(=O)(=O)C(F)(F)F)N)Cl)C(F)(F)F","InChI=1S/C12H4Cl2F6N4O2S/c13-5-1-4(11(15,16)17)2-6(14)8(5)24-10(22)9(7(3-21)23-24)27(25,26)12(18,19)20/h1-2H,22H2","LGHZJDKSVUTELU-UHFFFAOYSA-N","2336427","3078139"
"XX857053","Training-057",240.103," NEGATIVE",12.922,6,"0246_Mefenamic acid","Cc1cccc(Nc2ccccc2C(O)=O)c1C","InChI=1S/C15H15NO2/c1-10-6-5-9-13(11(10)2)16-14-8-4-3-7-12(14)15(17)18/h3-9,16H,1-2H3,(H,17,18)","HYYBABOKPJLUIN-UHFFFAOYSA-N","3904","4044"
"XX864952","Training-058",422.8195," NEGATIVE",13.748,5,"1706_Bromochlorophen","Oc1c(Br)cc(Cl)cc1Cc1cc(Cl)cc(Br)c1O","InChI=1S/C13H8Br2Cl2O2/c14-10-4-8(16)2-6(12(10)18)1-7-3-9(17)5-11(15)13(7)19/h2-5,18-19H,1H2","TYBHZVUFOINFDV-UHFFFAOYSA-N","76597","84907"
"XX812203","Training-059",171.1856," POSITIVE",0.382,12,"isophorone diamine","CC1(CC(CC(C1)(C)CN)N)C","InChI=1S/C10H22N2/c1-9(2)4-8(12)5-10(3,6-9)7-11/h8H,4-7,11-12H2,1-3H3","RNLHGQLZWXBQNY-UHFFFAOYSA-N","16867","17857"
"XX837103","Training-060",86.0964," POSITIVE",0.387,3,"Piperidin","C1CCNCC1","InChI=1S/C5H11N/c1-2-4-6-5-3-1/h6H,1-5H2","NQRYJNQNLNOLGT-UHFFFAOYSA-N","7791","8082"
"XX867803","Training-061",130.1087," POSITIVE",0.394,7,"0331_Metformin","CN(C)C(=N)N=C(N)N","InChI=1S/C4H11N5/c1-9(2)4(7)8-3(5)6/h1-2H3,(H5,5,6,7,8)","XZWYZXLIPXDOLR-UHFFFAOYSA-N","3949","4091"
"XX817603","Training-062",74.0964," POSITIVE",0.4,6,"Butylamin","CCCCN","InChI=1S/C4H11N/c1-2-3-4-5/h2-5H2,1H3","HQABUPZFAYXKJW-UHFFFAOYSA-N","7716","8007"
"XX810703","Training-063",85.0509," POSITIVE",0.401,3,"3-Amino-1,2,4-triazol","NC1=NNC=N1","InChI=1S/C2H4N4/c3-2-4-1-5-6-2/h1H,(H3,3,4,5,6)","KLSJWNVTNUYHDU-UHFFFAOYSA-N","1577","1639"
"XX836501","Training-064",88.0757," POSITIVE",0.405,5,"Morpholin","C1COCCN1","InChI=1S/C4H9NO/c1-3-6-4-2-5-1/h5H,1-4H2","YNAVUWVOSKDBBP-UHFFFAOYSA-N","13837537","8083"
"XX869903","Training-065",127.0727," POSITIVE",0.412,5,"0783_Melamine","Nc1nc(N)nc(N)n1","InChI=1S/C3H6N6/c4-1-7-2(5)9-3(6)8-1/h(H6,4,5,6,7,8,9)","JDSHMPZPIAZGSV-UHFFFAOYSA-N","7667","7955"
"XX870902","Training-066",103.0614," POSITIVE",0.412,5,"2584_Guanylurea","NC(=N)NC(N)=O","InChI=1S/C2H6N4O/c3-1(4)6-2(5)7/h(H6,3,4,5,6,7)","SQSPRWMERUQXNE-UHFFFAOYSA-N","8527","8859"
"XX805302","Training-067",151.0866," POSITIVE",0.423,11,"4`-Aminoacetanilide","CC(=O)NC1=CC=C(N)C=C1","InChI=1S/C8H10N2O/c1-6(11)10-8-4-2-7(9)3-5-8/h2-5H,9H2,1H3,(H,10,11)","CHMBIJAOCISYEW-UHFFFAOYSA-N","10297844","31230"
"XX836003","Training-068",120.0808," POSITIVE",0.424,10,"Indolin","C1CC2=CC=CC=C2N1","InChI=1S/C8H9N/c1-2-4-8-7(3-1)5-6-9-8/h1-4,9H,5-6H2","LPAGFVYQRIESJQ-UHFFFAOYSA-N","9905","10328"
"XX862104","Training-069",154.0499," POSITIVE",0.428,11,"2565_5-Aminosalicyls√§ure (Mesalazine)","NC1=CC(C(O)=O)=C(O)C=C1","InChI=1S/C7H7NO3/c8-4-1-2-6(9)5(3-4)7(10)11/h1-3,9H,8H2,(H,10,11)","KBOPZPXVLCULAV-UHFFFAOYSA-N","3933","4075"
"XX813501","Training-070",80.0495," POSITIVE",0.438,2,"Pyridin","C1=CC=NC=C1","InChI=1S/C5H5N/c1-2-4-6-5-3-1/h1-5H","JUJWROOIHBZHMG-UHFFFAOYSA-N","1020","1049"
"XX818403","Training-071",177.1022," POSITIVE",0.445,10,"Cotinine","CN1C(c2cccnc2)CCC1=O","InChI=1S/C10H12N2O/c1-12-9(4-5-10(12)13)8-3-2-6-11-7-8/h2-3,6-7,9H,4-5H2,1H3","UIKROCXWUNQSPJ-UHFFFAOYSA-N","395","408"
"XX801101","Training-072",110.06," POSITIVE",0.45,6,"2-Aminophenol","NC1=C(O)C=CC=C1","InChI=1S/C6H7NO/c7-5-3-1-2-4-6(5)8/h1-4,8H,7H2","CDAWCLOXVUBKRW-UHFFFAOYSA-N","5596","5801"
"XX805401","Training-073",112.0557," POSITIVE",0.461,12,"4-Fluoranilin","NC1=CC=C(F)C=C1","InChI=1S/C6H6FN/c7-5-1-3-6(8)4-2-5/h1-4H,8H2","KRZCOLNOCZKSDF-UHFFFAOYSA-N","9349","9731"
"XX806006","Training-074",94.0651," POSITIVE",0.461,9,"Anilin","NC1=CC=CC=C1","InChI=1S/C6H7N/c7-6-4-2-1-3-5-6/h1-5H,7H2","PAYRUJLWNCNPSJ-UHFFFAOYSA-N","5889","6115"
"XX811402","Training-075",137.0709," POSITIVE",0.476,12,"4-aminobenzamide","C1=CC(=CC=C1C(=O)N)N","InChI=1S/C7H8N2O/c8-6-3-1-5(2-4-6)7(9)10/h1-4H,8H2,(H2,9,10)","QIKYZXDTTPVVAC-UHFFFAOYSA-N","68568","76079"
"XX812601","Training-076",108.0808," POSITIVE",0.476,6,"N-Methylanilin","CNC1=CC=CC=C1","InChI=1S/C7H9N/c1-8-7-5-3-2-4-6-7/h2-6,8H,1H3","AFBPFSWMIHJQDM-UHFFFAOYSA-N","7234","7515"
"XX825501","Training-077",110.06," POSITIVE",0.482,12,"4-Aminophenol","NC1=CC=C(O)C=C1","InChI=1S/C6H7NO/c7-5-1-3-6(8)4-2-5/h1-4,8H,7H2","PLIKAWJENQZMHA-UHFFFAOYSA-N","392","403"
"XX801201","Training-078",95.0604," POSITIVE",0.488,3,"2-Aminopyridin","NC1=NC=CC=C1","InChI=1S/C5H6N2/c6-5-3-1-2-4-7-5/h1-4H,(H2,6,7)","ICSNLGPSRYBMBD-UHFFFAOYSA-N","10008","10439"
"XX870403","Training-079",103.0324," POSITIVE",0.488,7,"0968_Ethylenethiourea","S=C1NCCN1","InChI=1S/C3H6N2S/c6-3-4-1-2-5-3/h1-2H2,(H2,4,5,6)","PDQAZBWRQCGBEV-UHFFFAOYSA-N","2005851","2723650"
"XX806602","Training-080",122.0964," POSITIVE",0.493,7,"2,4,6-Trimethylpyridin","CC1=CC(C)=NC(C)=C1","InChI=1S/C8H11N/c1-6-4-7(2)9-8(3)5-6/h4-5H,1-3H3","BWZVCCNYKMEVEX-UHFFFAOYSA-N","21106174","7953"
"XX804205","Training-081",95.0604," POSITIVE",0.555,6,"3-Methylpyridazin","CC1=CC=CN=N1","InChI=1S/C5H6N2/c1-5-3-2-4-6-7-5/h2-4H,1H3","MXDRPNGTQDRKQM-UHFFFAOYSA-N","66816","74208"
"XX804503","Training-082",96.0444," POSITIVE",0.593,4,"3-Pyridinol","OC1=CC=CN=C1","InChI=1S/C5H5NO/c7-5-2-1-3-6-4-5/h1-4,7H","GRFNBEZIAWKNCO-UHFFFAOYSA-N","7683","7971"
"XX868901","Training-083",117.0659," POSITIVE",0.751,9,"0436_N-Nitrosomorpholine","O=NN1CCOCC1","InChI=1S/C4H8N2O2/c7-5-6-1-3-8-4-2-6/h1-4H2","ZKXDGKXYMTYWTB-UHFFFAOYSA-N","5823","6046"
"XX869701","Training-084",100.0757," POSITIVE",0.846,7,"0685_N-Methyl-2-pyrrolidone","CN1CCCC1=O","InChI=1S/C5H9NO/c1-6-4-2-3-5(6)7/h2-4H2,1H3","SECXISVLQFMRJM-UHFFFAOYSA-N","12814","13387"
"XX803501","Training-085",136.0757," POSITIVE",0.894,10,"3`-Aminoacetophenon","CC(=O)C1=CC(N)=CC=C1","InChI=1S/C8H9NO/c1-6(10)7-3-2-4-8(9)5-7/h2-5H,9H2,1H3","CKQHAYFOPRIUOM-UHFFFAOYSA-N","21106518","7417"
"XX815801","Training-086",86.0059," POSITIVE",0.896,3,"Thiazol","S1C=CN=C1","InChI=1S/C3H3NS/c1-2-5-3-4-1/h1-3H","FZWLAAWBMGSTSO-UHFFFAOYSA-N","8899","9256"
"XX815506","Training-087",68.0495," POSITIVE",0.915,2,"Pyrrol","N1C=CC=C1","InChI=1S/C4H5N/c1-2-4-5-3-1/h1-5H","KAESVJOAVNADME-UHFFFAOYSA-N","7736","8027"
"XX826401","Training-088",95.0604," POSITIVE",0.936,4,"4-Methylpyrimidin","CC1=CC=NC=N1","InChI=1S/C5H6N2/c1-5-2-3-6-4-7-5/h2-4H,1H3","LVILGAOSPDLNRM-UHFFFAOYSA-N","17867","18922"
"XX866001","Training-089",204.1131," POSITIVE",0.959,44,"0075_4-Aminoantipyrine","CN1N(C(=O)C(N)=C1C)c1ccccc1","InChI=1S/C11H13N3O/c1-8-10(12)11(15)14(13(8)2)9-6-4-3-5-7-9/h3-7H,12H2,1-2H3","RLFWWDJHLFCNIJ-UHFFFAOYSA-N","2066","2151"
"XX870004","Training-090",166.0499," POSITIVE",0.959,15,"0911_Phthalamic acid","NC(=O)C1=CC=CC=C1C(O)=O","InChI=1S/C8H7NO3/c9-7(10)5-3-1-2-4-6(5)8(11)12/h1-4H,(H2,9,10)(H,11,12)","CYMRPDYINXWJFU-UHFFFAOYSA-N","6691","6957"
"XX816201","Training-091",157.076," POSITIVE",1.022,5,"2,2-Dipyridyl","C1=CC=C(N=C1)C1=CC=CC=N1","InChI=1S/C10H8N2/c1-3-7-11-9(5-1)10-6-2-4-8-12-10/h1-8H","ROFVEXUMMXZLPA-UHFFFAOYSA-N","13867714","1474"
"XX811502","Training-092",128.0262," POSITIVE",1.078,8,"4-chloroaniline","C1=CC(=CC=C1N)Cl","InChI=1S/C6H6ClN/c7-5-1-3-6(8)4-2-5/h1-4H,8H2","QSNSCYSYFYORTR-UHFFFAOYSA-N","13869339","7812"
"XX805001","Training-093",152.0706," POSITIVE",1.139,10,"4-Acetamidophenol","CC(=O)NC1=CC=C(O)C=C1","InChI=1S/C8H9NO2/c1-6(10)9-7-2-4-8(11)5-3-7/h2-5,11H,1H3,(H,9,10)","RZVAJINKPMORJF-UHFFFAOYSA-N","1906","1983"
"XX868101","Training-094",136.0505," POSITIVE",1.545,9,"0375_4-Hydroxybenzotriazole","O=C1C=CC=C2NNN=C12","InChI=1S/C6H5N3O/c10-5-3-1-2-4-6(5)8-9-7-4/h1-3,7,9H","NPZTUJOABDZTLV-UHFFFAOYSA-N","2040044","2759291"
"XX809801","Training-095",122.0964," POSITIVE",1.624,11,"2,6-Xylidine","CC1=C(C(=CC=C1)C)N","InChI=1S/C8H11N/c1-6-4-3-5-7(2)8(6)9/h3-5H,9H2,1-2H3","UFFBMTHBGFGIHF-UHFFFAOYSA-N","6630","6896"
"XX821301","Training-096",136.0505," POSITIVE",1.742,9,"4-Hydroxybenzotriazole","OC1=C2N=NNC2=CC=C1","InChI=1S/C6H5N3O/c10-5-3-1-2-4-6(5)8-9-7-4/h1-3,10H,(H,7,8,9)","JMTMSDXUXJISAY-UHFFFAOYSA-N","10607767","N/A"
"XX808001","Training-097",122.06," POSITIVE",1.757,10,"Benzamid","NC(=O)C1=CC=CC=C1","InChI=1S/C7H7NO/c8-7(9)6-4-2-1-3-5-6/h1-5H,(H2,8,9)","KXDAEFPNCMNJSK-UHFFFAOYSA-N","2241","2331"
"XX881401","Training-098",153.1022," POSITIVE",1.772,5,"0363_2-Isopropyl-6-methyl-pyrimidin-4-ol","CC(C)C1=NC(O)=CC(C)=N1","InChI=1S/C8H12N2O/c1-5(2)8-9-6(3)4-7(11)10-8/h4-5H,1-3H3,(H,9,10,11)","AJPIUNPJBFBUKK-UHFFFAOYSA-N","16799","17777"
"XX844101","Training-099",198.1349," POSITIVE",2.138,12,"0943_2-Hydroxyatrazine","CCNC1=NC(=O)N=C(NC(C)C)N1","InChI=1S/C8H15N5O/c1-4-9-6-11-7(10-5(2)3)13-8(14)12-6/h5H,4H2,1-3H3,(H3,9,10,11,12,13,14)","NFMIMWNQWAWNDW-UHFFFAOYSA-N","15693","16553"
"XX881901","Training-100",149.9775," POSITIVE",2.149,27,"0374_Methylchloroisothiazolinone","CN1SC(Cl)=CC1=O","InChI=1S/C4H4ClNOS/c1-6-4(7)2-3(5)8-6/h2H,1H3","DHNRXBZYEKSXIM-UHFFFAOYSA-N","30800","33344"
"XX811601","Training-101",136.1121," POSITIVE",2.208,14,"4-Isopropylaniline","CC(C)C1=CC=C(C=C1)N","InChI=1S/C9H13N/c1-7(2)8-3-5-9(10)6-4-8/h3-7H,10H2,1-2H3","LRTFPLFDLJYEKT-UHFFFAOYSA-N","13853758","7464"
"XX815601","Training-102",181.072," POSITIVE",2.237,11,"Theophyllin","CN1C2=C(NC=N2)C(=O)N(C)C1=O","InChI=1S/C7H8N4O2/c1-10-5-4(8-3-9-5)6(12)11(2)7(10)13/h3H,1-2H3,(H,8,9)","ZFXYFBGIUFBOJW-UHFFFAOYSA-N","2068","2153"
"XX842901","Training-103",189.9821," POSITIVE",2.327,14,"0426_2,6-Dichlorobenzamide","NC(=O)c1c(Cl)cccc1Cl","InChI=1S/C7H5Cl2NO/c8-4-2-1-3-5(9)6(4)7(10)11/h1-3H,(H2,10,11)","JHSPCUHPSIUQRB-UHFFFAOYSA-N","15359","16183"
"XX878801","Training-104",202.0433," POSITIVE",2.337,6,"0083_Thiabendazole","N1C2=CC=CC=C2N=C1C1=CSC=N1","InChI=1S/C10H7N3S/c1-2-4-8-7(3-1)12-10(13-8)9-5-14-6-11-9/h1-6H,(H,12,13)","WJCNZQLZVWNLKY-UHFFFAOYSA-N","5237","5430"
"XX800901","Training-105",138.055," POSITIVE",2.449,4,"2-Aminobenzoic acid","NC1=C(C=CC=C1)C(O)=O","InChI=1S/C7H7NO2/c8-6-4-2-1-3-5(6)7(9)10/h1-4H,8H2,(H,9,10)","RWZYAGGXGHYGMB-UHFFFAOYSA-N","222","227"
"XX845102","Training-106",191.9614," POSITIVE",2.478,17,"2404_Clopyralid","OC(=O)c1nc(Cl)ccc1Cl","InChI=1S/C6H3Cl2NO2/c7-3-1-2-4(8)9-5(3)6(10)11/h1-2H,(H,10,11)","HUBANNPOLNYSAD-UHFFFAOYSA-N","14797","15553"
"XX811101","Training-107",217.0794," POSITIVE",2.623,26,"4,4`-thiodianiline","C1=CC(=CC=C1N)SC2=CC=C(C=C2)N","InChI=1S/C12H12N2S/c13-9-1-5-11(6-2-9)15-12-7-3-10(14)4-8-12/h1-8H,13-14H2","ICNFHJVPAJKPHW-UHFFFAOYSA-N","8435","8765"
"XX800201","Training-108",144.0808," POSITIVE",2.789,8,"1-Naphthylamin","NC1=CC=CC2=CC=CC=C12","InChI=1S/C10H9N/c11-10-7-3-5-8-4-1-2-6-9(8)10/h1-7H,11H2","RUFPHBVGCFYCNW-UHFFFAOYSA-N","8319","8640"
"XX804901","Training-109",181.076," POSITIVE",2.881,4,"4,7-Phenanthrolin","C1=CN=C2C=CC3=NC=CC=C3C2=C1","InChI=1S/C12H8N2/c1-3-9-10-4-2-8-14-12(10)6-5-11(9)13-7-1/h1-8H","DATYUTWESAKQQM-UHFFFAOYSA-N","60796","67472"
"XX847101","Training-110",292.0266," POSITIVE",3.729,54,"2542_Thiamethoxam","CN1COCN(CC2=CN=C(Cl)S2)\C1=N\[N+]([O-])=O","InChI=1S/C8H10ClN5O3S/c1-12-4-17-5-13(8(12)11-14(15)16)3-6-2-10-7(9)18-6/h2H,3-5H2,1H3/b11-8+","NWWZPOKUUAIXIW-DHZHZOJOSA-N","4712649","5821911"
"XX841101","Training-111",174.0541," POSITIVE",3.748,14,"0184_Desisopropylatrazine","CCNc1nc(N)nc(Cl)n1","InChI=1S/C5H8ClN5/c1-2-8-5-10-3(6)9-4(7)11-5/h2H2,1H3,(H3,7,8,9,10,11)","IVENSCMCQBJAKW-UHFFFAOYSA-N","13278","13878"
"XX867901","Training-112",179.1278," POSITIVE",3.916,7,"0371_Triglyme","COCCOCCOCCOC","InChI=1S/C8H18O4/c1-9-3-5-11-7-8-12-6-4-10-2/h3-8H2,1-2H3","YFNKIDBQEZZDLK-UHFFFAOYSA-N","13835222","8189"
"XX880502","Training-113",172.0427," POSITIVE",4.079,17,"0315_p-Toluenesulfonamide","CC1=CC=C(C=C1)S(N)(=O)=O","InChI=1S/C7H9NO2S/c1-6-2-4-7(5-3-6)11(8,9)10/h2-5H,1H3,(H2,8,9,10)","LMYRWZFENFIFIT-UHFFFAOYSA-N","6033","6269"
"XX878701","Training-114",275.0485," POSITIVE",4.193,11,"Phenylbenzimidazole sulfonic acid","OS(=O)(=O)C1=CC=C2N=C(NC2=C1)C1=CC=CC=C1","InChI=1S/C13H10N2O3S/c16-19(17,18)10-6-7-11-12(8-10)15-13(14-11)9-4-2-1-3-5-9/h1-8H,(H,14,15)(H,16,17,18)","UVCJGUGAGLDPAA-UHFFFAOYSA-N","31267","33919"
"XX878401","Training-115",201.0692," POSITIVE",4.23,18,"0069_4-Amino-N,N-dimethylbenzenesulfonamide","CN(C)S(=O)(=O)C1=CC=C(N)C=C1","InChI=1S/C8H12N2O2S/c1-10(2)13(11,12)8-5-3-7(9)4-6-8/h3-6H,9H2,1-2H3","BABGMPQXLCJMSK-UHFFFAOYSA-N","66962","74369"
"XX823802","Training-116",275.0485," POSITIVE",4.25,11,"Phenylbenzimidazole sulfonic acid","OS(=O)(=O)C1=CC=C2N=C(NC2=C1)C1=CC=CC=C1","InChI=1S/C13H10N2O3S/c16-19(17,18)10-6-7-11-12(8-10)15-13(14-11)9-4-2-1-3-5-9/h1-8H,(H,14,15)(H,16,17,18)","UVCJGUGAGLDPAA-UHFFFAOYSA-N","31267","33919"
"XX866601","Training-117",195.0877," POSITIVE",4.809,12,"0190_Caffeine","CN1c2ncn(C)c2C(=O)N(C)C1=O","InChI=1S/C8H10N4O2/c1-10-4-9-6-5(10)7(13)12(3)8(14)11(6)2/h4H,1-3H3","RYYVLZVUVIJVGH-UHFFFAOYSA-N","2424","2519"
"XX850301","Training-118",279.091," POSITIVE",4.832,33,"0358_Sulfamethazine","Cc1cc(C)nc(NS(=O)(=O)c2ccc(N)cc2)n1","InChI=1S/C12H14N4O2S/c1-8-7-9(2)15-12(14-8)16-19(17,18)11-5-3-10(13)4-6-11/h3-7H,13H2,1-2H3,(H,14,15,16)","ASWVTGNCAZCNNR-UHFFFAOYSA-N","5136","5327"
"XX842501","Training-119",165.1022," POSITIVE",5.491,7,"0342_Fenuron","CN(C)C(=O)Nc1ccccc1","InChI=1S/C9H12N2O/c1-11(2)9(12)10-8-6-4-3-5-7-8/h3-7H,1-2H3,(H,10,12)","XXOYNJXVWVNOOJ-UHFFFAOYSA-N","7279","7560"
"XX846301","Training-120",212.0585," POSITIVE",5.737,34,"2534_Imidacloprid urea","c1cc(ncc1CN2CCN=C2O)Cl","InChI=1S/C9H10ClN3O/c10-8-2-1-7(5-12-8)6-13-4-3-11-9(13)14/h1-2,5H,3-4,6H2,(H,11,14)","ADWTYURAFSWNSU-UHFFFAOYSA-N","10248201","15390532"
"XX840101","Training-121",203.0927," POSITIVE",5.756,43,"0147_Metamitron","CC1=NN=C(C(=O)N1N)c1ccccc1","InChI=1S/C10H10N4O/c1-7-12-13-9(10(15)14(7)11)8-5-3-2-4-6-8/h2-6H,11H2,1H3","VHCNQEUWZYOAEV-UHFFFAOYSA-N","35563","38854"
"XX856302","Training-122",254.0594," POSITIVE",5.918,46,"0176_Sulfamethoxazole","Cc1cc(NS(=O)(=O)c2ccc(N)cc2)no1","InChI=1S/C10H11N3O3S/c1-7-6-10(12-16-7)13-17(14,15)9-4-2-8(11)3-5-9/h2-6H,11H2,1H3,(H,12,13)","JLKIGFTWXXRPMT-UHFFFAOYSA-N","5138","5329"
"XX859601","Training-123",240.115," POSITIVE",5.918,11,"0546_Bupropion","CC(NC(C)(C)C)C(=O)c1cccc(Cl)c1","InChI=1S/C13H18ClNO/c1-9(15-13(2,3)4)12(16)10-6-5-7-11(14)8-10/h5-9,15H,1-4H3","SNPPWIUOZRMYNY-UHFFFAOYSA-N","431","444"
"XX845501","Training-124",250.016," POSITIVE",5.944,43,"2526_Clothianidin","CN=C(NCC1=CN=C(Cl)S1)N[N+]([O-])=O","InChI=1S/C6H8ClN5O2S/c1-8-6(11-12(13)14)10-3-4-2-9-5(7)15-4/h2H,3H2,1H3,(H2,8,10,11)","PGOOBECODWQEAB-UHFFFAOYSA-N","184723","213027"
"XX854601","Training-125",189.1022," POSITIVE",6.069,41,"0003_Phenazone","CN1N(C(=O)C=C1C)c1ccccc1","InChI=1S/C11H12N2O/c1-9-8-11(14)13(12(9)2)10-6-4-3-5-7-10/h3-8H,1-2H3","VEQOALNAAJBPNY-UHFFFAOYSA-N","2121","2206"
"XX837901","Training-126",230.0069," POSITIVE",6.076,31,"0013_Dimethoate","CNC(=O)CSP(=S)(OC)OC","InChI=1S/C5H12NO3PS2/c1-6-5(7)4-12-10(11,8-2)9-3/h4H2,1-3H3,(H,6,7)","MCWXGJITAZMZEV-UHFFFAOYSA-N","2973","3082"
"XX846901","Training-127",222.0316," POSITIVE",6.133,7,"2540_quinmerac","CC1=CC2=C(N=C1)C(C(O)=O)=C(Cl)C=C2","InChI=1S/C11H8ClNO2/c1-6-4-7-2-3-8(12)9(11(14)15)10(7)13-5-6/h2-5H,1H3,(H,14,15)","ALZOLUNSQWINIR-UHFFFAOYSA-N","82847","91749"
"XX808501","Training-128",131.0604," POSITIVE",6.143,5,"Chinoxalin","C1=CC=C2N=CC=NC2=C1","InChI=1S/C8H6N2/c1-2-4-8-7(3-1)9-5-6-10-8/h1-6H","XSCHRSMBECNVNS-UHFFFAOYSA-N","21106470","7045"
"XX847002","Training-129",271.0415," POSITIVE",6.19,23,"2541_Thiacloprid amide","NC(=O)N=C1SCCN1CC1=CN=C(Cl)C=C1","InChI=1S/C10H11ClN4OS/c11-8-2-1-7(5-13-8)6-15-3-4-17-10(15)14-9(12)16/h1-2,5H,3-4,6H2,(H2,12,16)","LEZHOZPJYAQQNU-UHFFFAOYSA-N","34448786","86222983"
"XX883701","Training-130",223.154," POSITIVE",6.262,7,"2372_Tetraglyme","COCCOCCOCCOCCOC","InChI=1S/C10H22O5/c1-11-3-5-13-7-9-15-10-8-14-6-4-12-2/h3-10H2,1-2H3","ZUHZGEOKBKGPSW-UHFFFAOYSA-N","13835433","8925"
"XX839401","Training-131",256.0596," POSITIVE",6.284,57,"0117_Imidacloprid","[O-][N+](=O)NC1=NCCN1Cc1ccc(Cl)nc1","InChI=1S/C9H10ClN5O2/c10-8-2-1-7(5-12-8)6-14-4-3-11-9(14)13-15(16)17/h1-2,5H,3-4,6H2,(H,11,13)","YWTYJOPNNQFBPC-UHFFFAOYSA-N","77934","86418"
"XX831203","Training-132",119.0604," POSITIVE",6.347,4,"Indazole","c1n[nH]c2ccccc12","InChI=1S/C7H6N2/c1-2-4-7-6(3-1)5-8-9-7/h1-5H,(H,8,9)","BAXOFTOLAUCFNW-UHFFFAOYSA-N","8866","9221"
"XX850201","Training-133",219.1128," POSITIVE",6.372,20,"0276_Primidone","CCC1(C(=O)NCNC1=O)c1ccccc1","InChI=1S/C12H14N2O2/c1-2-12(9-6-4-3-5-7-9)10(15)13-8-14-11(12)16/h3-7H,2,8H2,1H3,(H,13,15)(H,14,16)","DQMZLTXERSFNPB-UHFFFAOYSA-N","4740","4909"
"XX841701","Training-134",239.1503," POSITIVE",6.53,14,"0271_Pirimicarb","CN(C)C(=O)Oc1nc(nc(C)c1C)N(C)C","InChI=1S/C11H18N4O2/c1-7-8(2)12-10(14(3)4)13-9(7)17-11(16)15(5)6/h1-6H3","YFGYUFNIOHWBOB-UHFFFAOYSA-N","29348","31645"
"XX840201","Training-135",222.0429," POSITIVE",6.549,32,"0148_Chloridazon","NC1=C(Cl)C(=O)N(N=C1)c1ccccc1","InChI=1S/C10H8ClN3O/c11-9-8(12)6-13-14(10(9)15)7-4-2-1-3-5-7/h1-6H,12H2","WYKYKTKDBLFHCY-UHFFFAOYSA-N","14790","15546"
"XX840801","Training-136",188.0697," POSITIVE",6.738,10,"0173_Desethylatrazine","CC(C)Nc1nc(N)nc(Cl)n1","InChI=1S/C6H10ClN5/c1-3(2)9-6-11-4(7)10-5(8)12-6/h3H,1-2H3,(H3,8,9,10,11,12)","DFWFIQKMSFGDCQ-UHFFFAOYSA-N","21157","22563"
"XX831806","Training-137",323.0196," POSITIVE",6.853,22,"0020_Chloramphenicol","OC[C@@H](NC(=O)C(Cl)Cl)[C@H](O)C1=CC=C(C=C1)[N+]([O-])=O","InChI=1S/C11H12Cl2N2O5/c12-10(13)11(18)14-8(5-16)9(17)6-1-3-7(4-2-6)15(19)20/h1-4,8-10,16-17H,5H2,(H,14,18)/t8-,9-/m1/s1","WIIZWVCIJKGZOK-RKDXNWHRSA-N","5744","5959"
"XX880101","Training-138",134.0713," POSITIVE",6.984,10,"0291_5-Methyl-1H-benzotriazole","CC1=CC=C2NN=NC2=C1","InChI=1S/C7H7N3/c1-5-2-3-6-7(4-5)9-10-8-6/h2-4H,1H3,(H,8,9,10)","LRUDIIUSNGCQKF-UHFFFAOYSA-N","8381","8705"
"XX884001","Training-139",176.0706," POSITIVE",7.003,22,"2599_7-Amino-4-methylcoumarin","CC1=CC(=O)OC2=CC(N)=CC=C12","InChI=1S/C10H9NO2/c1-6-4-10(12)13-9-5-7(11)2-3-8(6)9/h2-5H,11H2,1H3","GLNDAGDHSLMOKX-UHFFFAOYSA-N","83285","92249"
"XX832201","Training-140",278.2115," POSITIVE",7.004,14,"0361_Venlafaxine","COC1=CC=C(C=C1)C(CN(C)C)C1(O)CCCCC1","InChI=1S/C17H27NO2/c1-18(2)13-16(17(19)11-5-4-6-12-17)14-7-9-15(20-3)10-8-14/h7-10,16,19H,4-6,11-13H2,1-3H3","PNVNVHUZROJLTJ-UHFFFAOYSA-N","5454","5656"
"XX860101","Training-141",180.1747," POSITIVE",7.018,11,"0594_Memantine","CC12CC3CC(C)(C1)CC(N)(C3)C2","InChI=1S/C12H21N/c1-10-3-9-4-11(2,6-10)8-12(13,5-9)7-10/h9H,3-8,13H2,1-2H3","BUGYDGFZZOZRHP-UHFFFAOYSA-N","3914","4054"
"XX844801","Training-142",223.0745," POSITIVE",7.021,19,"2363_Acetamiprid","CN(Cc1ccc(Cl)nc1)C(C)=NC#N","InChI=1S/C10H11ClN4/c1-8(14-7-12)15(2)6-9-3-4-10(11)13-5-9/h3-5H,6H2,1-2H3","WCXDHFDTOYPNIE-UHFFFAOYSA-N","21130168","213021"
"XX861001","Training-143",327.1371," POSITIVE",7.037,29,"2327_Clozapine","CN1CCN(CC1)C1=C2C=CC=CC2=Nc2ccc(Cl)cc2N1","InChI=1S/C18H19ClN4/c1-22-8-10-23(11-9-22)18-14-4-2-3-5-15(14)20-16-7-6-13(19)12-17(16)21-18/h2-7,12,21H,8-11H2,1H3","ZUXABONWMNSFBN-UHFFFAOYSA-N","2716","2818"
"XX817901","Training-144",147.0441," POSITIVE",7.095,8,"Cumarin","O=C1OC2=CC=CC=C2C=C1","InChI=1S/C9H6O2/c10-9-6-5-7-3-1-2-4-8(7)11-9/h1-6H","ZYGHJZDHTFUPRJ-UHFFFAOYSA-N","13848793","323"
"XX859801","Training-145",307.1113," POSITIVE",7.188,42,"0574_fluconazole","OC(Cn1cncn1)(Cn1cncn1)c1ccc(F)cc1F","InChI=1S/C13H12F2N6O/c14-10-1-2-11(12(15)3-10)13(22,4-20-8-16-6-18-20)5-21-9-17-7-19-21/h1-3,6-9,22H,4-5H2","RFHAOTPXVQNOHP-UHFFFAOYSA-N","3248","3365"
"XX855601","Training-146",260.1645," POSITIVE",7.301,29,"0039_Propranolol","CC(C)NCC(O)COc1cccc2ccccc12","InChI=1S/C16H21NO2/c1-12(2)17-10-14(18)11-19-16-9-5-7-13-6-3-4-8-15(13)16/h3-9,12,14,17-18H,10-11H2,1-2H3","AQHHHDLHHXJYJD-UHFFFAOYSA-N","4777","4946"
"XX859501","Training-147",326.2326," POSITIVE",7.32,32,"0543_Bisoprolol","CC(C)NCC(O)COc1ccc(COCCOC(C)C)cc1","InChI=1S/C18H31NO4/c1-14(2)19-11-17(20)13-23-18-7-5-16(6-8-18)12-21-9-10-22-15(3)4/h5-8,14-15,17,19-20H,9-13H2,1-4H3","VHYCDWMUTMEGQY-UHFFFAOYSA-N","2312","2405"
"XX818801","Training-148",329.186," POSITIVE",7.324,39,"Labetalol","CC(CCC1=CC=CC=C1)NCC(O)C1=CC(C(N)=O)=C(O)C=C1","InChI=1S/C19H24N2O3/c1-13(7-8-14-5-3-2-4-6-14)21-12-18(23)15-9-10-17(22)16(11-15)19(20)24/h2-6,9-11,13,18,21-23H,7-8,12H2,1H3,(H2,20,24)","SGUAFYQXFOLMHL-UHFFFAOYSA-N","3734","3869"
"XX862001","Training-149",265.1911," POSITIVE",7.396,11,"2401_Tetracain","CCCCNc1ccc(cc1)C(=O)OCCN(C)C","InChI=1S/C15H24N2O2/c1-4-5-10-16-14-8-6-13(7-9-14)15(18)19-12-11-17(2)3/h6-9,16H,4-5,10-12H2,1-3H3","GKCBAIGFKIBETG-UHFFFAOYSA-N","5218","5411"
"XX858801","Training-150",256.1696," POSITIVE",7.528,8,"0514_Finasteride","CN(C)CCOC(c1ccccc1)c1ccccc1","InChI=1S/C17H21NO/c1-18(2)13-14-19-17(15-9-5-3-6-10-15)16-11-7-4-8-12-16/h3-12,17H,13-14H2,1-2H3","ZZVUWRFHKOJYTH-UHFFFAOYSA-N","2989","3100"
"XX840401","Training-151",214.1121," POSITIVE",7.572,18,"0154_Simetryn","CCNc1nc(NCC)nc(SC)n1","InChI=1S/C8H15N5S/c1-4-9-6-11-7(10-5-2)13-8(12-6)14-3/h4-5H2,1-3H3,(H2,9,10,11,12,13)","MGLWZSOBALDPEK-UHFFFAOYSA-N","13303","13905"
"XX871201","Training-152",152.0165," POSITIVE",7.587,8,"2589_2-hydroxybenzothiazole","O=C1NC2=C(S1)C=CC=C2","InChI=1S/C7H5NOS/c9-7-8-5-3-1-2-4-6(5)10-7/h1-4H,(H,8,9)","YEDUAINPPJYDJZ-UHFFFAOYSA-N","13036","13625"
"XX858902","Training-153",296.07," POSITIVE",7.661,72,"0515_Diphenhydramine","CC(=O)NC1=CC=C(C=C1)S(=O)(=O)NC1=NOC(C)=C1","InChI=1S/C12H13N3O4S/c1-8-7-12(14-19-8)15-20(17,18)11-5-3-10(4-6-11)13-9(2)16/h3-7H,1-2H3,(H,13,16)(H,14,15)","GXPIUNZCALHVBA-UHFFFAOYSA-N","58771","65280"
"XX854306","Training-154",197.0608," POSITIVE",7.699,33,"_4-Fluorobenzoylpropionic acid","OC(=O)CCC(=O)C1=CC=C(F)C=C1","InChI=1S/C10H9FO3/c11-8-3-1-7(2-4-8)9(12)5-6-10(13)14/h1-4H,5-6H2,(H,13,14)","WUYWHIAAQYQKPP-UHFFFAOYSA-N","91589","101359"
"XX859002","Training-155",325.1711," POSITIVE",7.755,56,"0516_Acetyl-sulfamethoxazole","CN(C)CCCC1(OCc2cc(ccc12)C#N)c1ccc(F)cc1","InChI=1S/C20H21FN2O/c1-23(2)11-3-10-20(17-5-7-18(21)8-6-17)19-9-4-15(13-22)12-16(19)14-24-20/h4-9,12H,3,10-11,14H2,1-2H3","WSEQXVZVJXJVFP-UHFFFAOYSA-N","2669","2771"
"XX827301","Training-156",166.0863," POSITIVE",7.762,12,"Ethyl-p-aminobenzoate","CCOC(=O)C1=CC=C(N)C=C1","InChI=1S/C9H11NO2/c1-2-12-9(11)7-3-5-8(10)6-4-7/h3-6H,2,10H2,1H3","BLFLLBZGZJTVJG-UHFFFAOYSA-N","13854242","2337"
"XX852103","Training-157",494.2663," POSITIVE",7.777,116,"2258_Imatinib","CN1CCN(CC2=CC=C(C=C2)C(=O)NC2=CC(NC3=NC(=CC=N3)C3=CN=CC=C3)=C(C)C=C2)CC1","InChI=1S/C29H31N7O/c1-21-5-10-25(18-27(21)34-29-31-13-11-26(33-29)24-4-3-12-30-19-24)32-28(37)23-8-6-22(7-9-23)20-36-16-14-35(2)15-17-36/h3-13,18-19H,14-17,20H2,1-2H3,(H,32,37)(H,31,33,34)","KTUFNOKKBVMGRW-UHFFFAOYSA-N","5101","5291"
"XX842402","Training-158",253.0309," POSITIVE",7.779,20,"0320_Thiacloprid","Clc1ccc(CN2CCSC2=NC#N)cn1","InChI=1S/C10H9ClN4S/c11-9-2-1-8(5-13-9)6-15-3-4-16-10(15)14-7-12/h1-2,5H,3-4,6H2","HOKKPVIRMVDYPB-UHFFFAOYSA-N","21865404","115224"
"XX882102","Training-159",136.0215," POSITIVE",7.857,3,"0421_Benzothiazole","S1C=NC2=CC=CC=C12","InChI=1S/C7H5NS/c1-2-4-7-6(3-1)8-5-9-7/h1-5H","IOJUPLGTWVMSFF-UHFFFAOYSA-N","6952","7222"
"XX883101","Training-160",183.0781," POSITIVE",7.875,8,"0821_triethylphosphate","CCOP(=O)(OCC)OCC","InChI=1S/C6H15O4P/c1-4-8-11(7,9-5-2)10-6-3/h4-6H2,1-3H3","DQWPFSLDHJDLRL-UHFFFAOYSA-N","6287","6535"
"XX854202","Training-161",311.0809," POSITIVE",8.004,43,"2560_Sulfadimethoxine","COC1=CC(NS(=O)(=O)C2=CC=C(N)C=C2)=NC(OC)=N1","InChI=1S/C12H14N4O4S/c1-19-11-7-10(14-12(15-11)20-2)16-21(17,18)9-5-3-8(13)4-6-9/h3-7H,13H2,1-2H3,(H,14,15,16)","ZZORFUFYDOWNEF-UHFFFAOYSA-N","5132","5323"
"XX852602","Training-162",357.1267," POSITIVE",8.023,21,"2265_Pioglitazone","CCC1=CC=C(CCOC2=CC=C(CC3SC(=O)NC3=O)C=C2)N=C1","InChI=1S/C19H20N2O3S/c1-2-13-3-6-15(20-12-13)9-10-24-16-7-4-14(5-8-16)11-17-18(22)21-19(23)25-17/h3-8,12,17H,2,9-11H2,1H3,(H,21,22,23)","HYAFETHFCAUJAY-UHFFFAOYSA-N","4663","4829"
"XX832302","Training-163",175.0502," POSITIVE",8.033,26,"0376_2,4-Toluene diisocyanate","CC1=C(C=C(C=C1)N=C=O)N=C=O","InChI=1S/C9H6N2O2/c1-7-2-3-8(10-5-12)4-9(7)11-6-13/h2-4H,1H3","DVKJHBMWWAPEIU-UHFFFAOYSA-N","13835351","11443"
"XX858102","Training-164",271.1077," POSITIVE",8.039,15,"0465_10,11-Dihydro-10,11-dihydroxycarbamazepine","NC(=O)N1c2ccccc2C(O)C(O)c2ccccc12","InChI=1S/C15H14N2O3/c16-15(20)17-11-7-3-1-5-9(11)13(18)14(19)10-6-2-4-8-12(10)17/h1-8,13-14,18-19H,(H2,16,20)","PRGQOPPDPVELEG-UHFFFAOYSA-N","75667","83852"
"XX861601","Training-165",377.2071," POSITIVE",8.191,30,"2357_Enalapril","CCOC(=O)[C@H](CCc1ccccc1)N[C@@H](C)C(=O)N1CCC[C@H]1C(O)=O","InChI=1S/C20H28N2O5/c1-3-27-20(26)16(12-11-15-8-5-4-6-9-15)21-14(2)18(23)22-13-7-10-17(22)19(24)25/h4-6,8-9,14,16-17,21H,3,7,10-13H2,1-2H3,(H,24,25)/t14-,16-,17-/m0/s1","GBXSMTUPTTWBMN-XIRDDKMYSA-N","4534998","5388962"
"XX833401","Training-166",346.122," POSITIVE",8.222,20,"2263_Omeprazole","COC1=CC=C2N=C(NC2=C1)S(=O)CC1=NC=C(C)C(OC)=C1C","InChI=1S/C17H19N3O3S/c1-10-8-18-15(11(2)16(10)23-4)9-24(21)17-19-13-6-5-12(22-3)7-14(13)20-17/h5-8H,9H2,1-4H3,(H,19,20)","SUBDBMMJDZJVOS-UHFFFAOYSA-N","4433","4594"
"XX878502","Training-167",167.9936," POSITIVE",8.235,10,"0072_2-Mercaptobenzothiazole","SC1=NC2=CC=CC=C2S1","InChI=1S/C7H5NS2/c9-7-8-5-3-1-2-4-6(5)10-7/h1-4H,(H,8,9)","YXIWHUQXZSMYRE-UHFFFAOYSA-N","608157","697993"
"XX801001","Training-168",170.0964," POSITIVE",8.437,19,"2-Aminobiphenyl","NC1=C(C=CC=C1)C1=CC=CC=C1","InChI=1S/C12H11N/c13-12-9-5-4-8-11(12)10-6-2-1-3-7-10/h1-9H,13H2","TWBPWBPGNQWFSJ-UHFFFAOYSA-N","6748","7015"
"XX819202","Training-169",349.1329," POSITIVE",8.525,38,"Torasemide","CC(C)NC(=O)NS(=O)(=O)c1cnccc1Nc1cccc(C)c1","InChI=1S/C16H20N4O3S/c1-11(2)18-16(21)20-24(22,23)15-10-17-8-7-14(15)19-13-6-4-5-12(3)9-13/h4-11H,1-3H3,(H,17,19)(H2,18,20,21)","NGBFQHCMQULJNZ-UHFFFAOYSA-N","38123","41781"
"XX838801","Training-170",215.0961," POSITIVE",8.538,45,"0090_Metribuzin","CSC1=NN=C(C(=O)N1N)C(C)(C)C","InChI=1S/C8H14N4OS/c1-8(2,3)5-6(13)12(9)7(14-4)11-10-5/h9H2,1-4H3","FOXFZRUHNHCZPX-UHFFFAOYSA-N","28287","30479"
"XX847202","Training-171",220.9532," POSITIVE",8.616,16,"0005_Dichlorvos","COP(=O)(OC)OC=C(Cl)Cl","InChI=1S/C4H7Cl2O4P/c1-8-11(7,9-2)10-3-4(5)6/h3H,1-2H3","OEBRKCOSUFCWJD-UHFFFAOYSA-N","2931","3039"
"XX852303","Training-172",430.2588," POSITIVE",8.687,21,"2261_Mebeverine","CCN(CCCCOC(=O)C1=CC(OC)=C(OC)C=C1)C(C)CC1=CC=C(OC)C=C1","InChI=1S/C25H35NO5/c1-6-26(19(2)17-20-9-12-22(28-3)13-10-20)15-7-8-16-31-25(27)21-11-14-23(29-4)24(18-21)30-5/h9-14,18-19H,6-8,15-17H2,1-5H3","VYVKHNNGDFVQGA-UHFFFAOYSA-N","3891","4031"
"XX823601","Training-173",200.074," POSITIVE",8.719,19,"N-Ethyl-o-toluenesulfonamide","CCNS(=O)(=O)C1=C(C)C=CC=C1","InChI=1S/C9H13NO2S/c1-3-10-13(11,12)9-7-5-4-6-8(9)2/h4-7,10H,3H2,1-2H3","NATWUQFQFMZVMT-UHFFFAOYSA-N","13488","14110"
"XX855502","Training-174",330.15," POSITIVE",8.722,44,"0037_Paroxetine","Fc1ccc(cc1)[C@@H]1CCNC[C@H]1COc1ccc2OCOc2c1","InChI=1S/C19H20FNO3/c20-15-3-1-13(2-4-15)17-7-8-21-10-14(17)11-22-16-5-6-18-19(9-16)24-12-23-18/h1-6,9,14,17,21H,7-8,10-12H2/t14-,17-/m0/s1","AHOUBRCZNHFOSL-YOEHRIQHSA-N","39888","43815"
"XX855703","Training-175",455.2904," POSITIVE",8.76,70,"0040_Verapamil","COc1ccc(CCN(C)CCCC(C#N)(C(C)C)c2ccc(OC)c(OC)c2)cc1OC","InChI=1S/C27H38N2O4/c1-20(2)27(19-28,22-10-12-24(31-5)26(18-22)33-7)14-8-15-29(3)16-13-21-9-11-23(30-4)25(17-21)32-6/h9-12,17-18,20H,8,13-16H2,1-7H3","SGTNSNPWRIOYBX-UHFFFAOYSA-N","2425","2520"
"XX833601","Training-176",384.0824," POSITIVE",8.773,23,"2361_pantoprazole","COC1=CC=NC(CS(=O)C2=NC3=CC=C(OC(F)F)C=C3N2)=C1OC","InChI=1S/C16H15F2N3O4S/c1-23-13-5-6-19-12(14(13)24-2)8-26(22)16-20-10-4-3-9(25-15(17)18)7-11(10)21-16/h3-7,15H,8H2,1-2H3,(H,20,21)","IQPSEEYGBUAQFF-UHFFFAOYSA-N","4517","4679"
"XX842801","Training-177",228.1277," POSITIVE",8.784,21,"0349_Ametryn","CCNc1nc(NC(C)C)nc(SC)n1","InChI=1S/C9H17N5S/c1-5-10-7-12-8(11-6(2)3)14-9(13-7)15-4/h6H,5H2,1-4H3,(H2,10,11,12,13,14)","RQVYBGPQFYCBGX-UHFFFAOYSA-N","12705","13263"
"XX840901","Training-178",202.0854," POSITIVE",8.822,15,"0179_Desethylterbutylazine","CC(C)(C)Nc1nc(N)nc(Cl)n1","InChI=1S/C7H12ClN5/c1-7(2,3)13-6-11-4(8)10-5(9)12-6/h1-3H3,(H3,9,10,11,12,13)","LMKQNTMFZLAJDV-UHFFFAOYSA-N","97278","108201"
"XX859203","Training-179",278.1903," POSITIVE",8.835,33,"0534_Amitriptyline","CN(C)CCC=C1c2ccccc2CCc2ccccc12","InChI=1S/C20H23N/c1-21(2)15-7-12-20-18-10-5-3-8-16(18)13-14-17-9-4-6-11-19(17)20/h3-6,8-12H,7,13-15H2,1-2H3","KRMDCWKBEZIMAB-UHFFFAOYSA-N","2075","2160"
"XX801802","Training-180",132.0808," POSITIVE",8.889,7,"2-Methylindol","CC1=CC2=CC=CC=C2N1","InChI=1S/C9H9N/c1-7-6-8-4-2-3-5-9(8)10-7/h2-6,10H,1H3","BHNHHSOHWZKFOX-UHFFFAOYSA-N","6954","7224"
"XX818301","Training-181",293.1051," POSITIVE",9.019,35,"Climbazole","CC(C)(C)C(=O)C(N1C=CN=C1)Oc1ccc(Cl)cc1","InChI=1S/C15H17ClN2O2/c1-15(2,3)13(19)14(18-9-8-17-10-18)20-12-6-4-11(16)5-7-12/h4-10,14H,1-3H3","OWEGWHBOCFMBLP-UHFFFAOYSA-N","34752","37907"
"XX835601","Training-182",253.1659," POSITIVE",9.035,12,"Hexazinone","CN(C)C1=NC(=O)N(C2CCCCC2)C(=O)N1C","InChI=1S/C12H20N4O2/c1-14(2)10-13-11(17)16(12(18)15(10)3)9-7-5-4-6-8-9/h9H,4-8H2,1-3H3","CAWXEEYDBZRFPE-UHFFFAOYSA-N","36542","39965"
"XX830402","Training-183",196.0757," POSITIVE",9.081,3,"Acridinon","O=c1cccc2[nH]c3ccccc3cc12","InChI=1S/C13H9NO/c15-13-7-3-6-12-10(13)8-9-4-1-2-5-11(9)14-12/h1-8,14H","DSTNUFDTTMKLQR-UHFFFAOYSA-N","196262","225737"
"XX851903","Training-184",319.1628," POSITIVE",9.085,45,"2256_Fluvoxamine","COCCCC\C(=N/OCCN)C1=CC=C(C=C1)C(F)(F)F","InChI=1S/C15H21F3N2O2/c1-21-10-3-2-4-14(20-22-11-9-19)12-5-7-13(8-6-12)15(16,17)18/h5-8H,2-4,9-11,19H2,1H3/b20-14+","CJOFXWAVKWHTFT-XSFVSMFZSA-N","4481878","5324346"
"XX800802","Training-185",194.0964," POSITIVE",9.134,11,"2-Aminoanthracen","NC1=CC2=CC3=CC=CC=C3C=C2C=C1","InChI=1S/C14H11N/c15-14-6-5-12-7-10-3-1-2-4-11(10)8-13(12)9-14/h1-9H,15H2","YCSBALJAGZKWFF-UHFFFAOYSA-N","11443","11937"
"XX846103","Training-186",274.2529," POSITIVE",9.162,15,"2532_Fenpropidin","CC(CN1CCCCC1)CC1=CC=C(C=C1)C(C)(C)C","InChI=1S/C19H31N/c1-16(15-20-12-6-5-7-13-20)14-17-8-10-18(11-9-17)19(2,3)4/h8-11,16H,5-7,12-15H2,1-4H3","MGNFYQILYYYUBS-UHFFFAOYSA-N","82797","91694"
"XX849703","Training-187",358.2377," POSITIVE",9.182,70,"2580_Oxybutynin","CCN(CC)CC#CCOC(=O)C(O)(C1CCCCC1)C1=CC=CC=C1","InChI=1S/C22H31NO3/c1-3-23(4-2)17-11-12-18-26-21(24)22(25,19-13-7-5-8-14-19)20-15-9-6-10-16-20/h5,7-8,13-14,20,25H,3-4,6,9-10,15-18H2,1-2H3","XIQVNETUBQGFHX-UHFFFAOYSA-N","4473","4634"
"XX832103","Training-188",310.1413," POSITIVE",9.21,2,"0360_Fluoxetine","CNCCC(OC1=CC=C(C=C1)C(F)(F)F)C1=CC=CC=C1","InChI=1S/C17H18F3NO/c1-21-12-11-16(13-5-3-2-4-6-13)22-15-9-7-14(8-10-15)17(18,19)20/h2-10,16,21H,11-12H2,1H3","RTHCYVBBDHJXIQ-UHFFFAOYSA-N","3269","3386"
"XX878101","Training-189",277.1282," POSITIVE",9.239,19,"0055_Triethylcitrate","CCOC(=O)CC(O)(CC(=O)OCC)C(=O)OCC","InChI=1S/C12H20O7/c1-4-17-9(13)7-12(16,11(15)19-6-3)8-10(14)18-5-2/h16H,4-8H2,1-3H3","DOOTYTYQINUNNV-UHFFFAOYSA-N","13850879","6506"
"XX882802","Training-190",255.0652," POSITIVE",9.257,39,"0498_Daidzein","OC1=CC=C(C=C1)C1=COC2=CC(O)=CC=C2C1=O","InChI=1S/C15H10O4/c16-10-3-1-9(2-4-10)13-8-19-14-7-11(17)5-6-12(14)15(13)18/h1-8,16-17H","ZQSIJRDFPHDXIC-UHFFFAOYSA-N","4445025","5281708"
"XX817301","Training-191",180.0808," POSITIVE",9.259,3,"Benzo[h]chinolin","C1=CC2=CC3=CC=CN=C3C=C2C=C1","InChI=1S/C13H9N/c1-2-5-11-9-13-12(6-3-7-14-13)8-10(11)4-1/h1-9H","RFQDDXWZZVRLKO-UHFFFAOYSA-N","453790","520238"
"XX865801","Training-192",329.0245," POSITIVE",9.26,27,"0066_Sulcotrione","CS(=O)(=O)c1ccc(C(=O)C2C(=O)CCCC2=O)c(Cl)c1","InChI=1S/C14H13ClO5S/c1-21(19,20)8-5-6-9(10(15)7-8)14(18)13-11(16)3-2-4-12(13)17/h5-7,13H,2-4H2,1H3","PQTBTIFWAXVEPB-UHFFFAOYSA-N","82858","91760"
"XX841901","Training-193",202.0854," POSITIVE",9.275,13,"0275_Simazine","CCNc1nc(Cl)nc(NCC)n1","InChI=1S/C7H12ClN5/c1-3-9-6-11-5(8)12-7(13-6)10-4-2/h3-4H2,1-2H3,(H2,9,10,11,12,13)","ODCWYMIRDDJXKW-UHFFFAOYSA-N","5027","5216"
"XX853502","Training-194",266.0958," POSITIVE",9.275,11,"2369_Albendazole","CCCSc1ccc2nc(NC(=O)OC)[nH]c2c1","InChI=1S/C12H15N3O2S/c1-3-6-18-8-4-5-9-10(7-8)14-11(13-9)15-12(16)17-2/h4-5,7H,3,6H2,1-2H3,(H2,13,14,15,16)","HXHWSAZORRCQMX-UHFFFAOYSA-N","1998","2082"
"XX878603","Training-195",150.0372," POSITIVE",9.295,13,"0073_2-Methylbenzothiazole","CC1=NC2=CC=CC=C2S1","InChI=1S/C8H7NS/c1-6-9-7-4-2-3-5-8(7)10-6/h2-5H,1H3","DXYYSGDWQCSKKO-UHFFFAOYSA-N","8138","8446"
"XX843003","Training-196",204.993," POSITIVE",9.313,9,"0428_3,4-Dichlorophenylurea","NC(=O)Nc1ccc(Cl)c(Cl)c1","InChI=1S/C7H6Cl2N2O/c8-5-2-1-4(3-6(5)9)11-7(10)12/h1-3H,(H3,10,11,12)","CYESCLHCWJKRKM-UHFFFAOYSA-N","15972","16854"
"XX808102","Training-197",198.0913," POSITIVE",9.334,12,"Benzanilide","O=C(NC1=CC=CC=C1)C1=CC=CC=C1","InChI=1S/C13H11NO/c15-13(11-7-3-1-4-8-11)14-12-9-5-2-6-10-12/h1-10H,(H,14,15)","ZVSKZLHKADLHSD-UHFFFAOYSA-N","6900","7168"
"XX857403","Training-198",531.156," POSITIVE",9.348,102,"0359_Ketoconazole","CC(=O)N1CCN(CC1)c1ccc(OC[C@@H]2CO[C@](Cn3ccnc3)(O2)c2ccc(Cl)cc2Cl)cc1","InChI=1S/C26H28Cl2N4O4/c1-19(33)31-10-12-32(13-11-31)21-3-5-22(6-4-21)34-15-23-16-35-26(36-23,17-30-9-8-29-18-30)24-7-2-20(27)14-25(24)28/h2-9,14,18,23H,10-13,15-17H2,1H3/t23-,26-/m1/s1","XMAYWYJOQHXEEK-ZEQKJWHPSA-N","43284","47576"
"XX862703","Training-199",306.0811," POSITIVE",9.386,12,"2573_Sertraline","CN[C@H]1CC[C@@H](C2=CC=C(Cl)C(Cl)=C2)C2=C1C=CC=C2","InChI=1S/C17H17Cl2N/c1-20-17-9-7-12(13-4-2-3-5-14(13)17)11-6-8-15(18)16(19)10-11/h2-6,8,10,12,17,20H,7,9H2,1H3/t12-,17-/m0/s1","VGKDLMBJGBXTGI-SJCJKPOMSA-N","61881","68617"
"XX853301","Training-200",262.0874," POSITIVE",9.427,10,"2351_Flumequine","CC1CCc2cc(F)cc3C(=O)C(=CN1c23)C(O)=O","InChI=1S/C14H12FNO3/c1-7-2-3-8-4-9(15)5-10-12(8)16(7)6-11(13(10)17)14(18)19/h4-7H,2-3H2,1H3,(H,18,19)","DPSPPJIUMHPXMA-UHFFFAOYSA-N","3257","3374"
"XX848601","Training-201",202.0863," POSITIVE",9.468,10,"2387_Carbaryl","CNC(=O)Oc1cccc2ccccc12","InChI=1S/C12H11NO2/c1-13-12(14)15-11-8-4-6-9-5-2-3-7-10(9)11/h2-8H,1H3,(H,13,14)","CVXBEEMKQHEXEN-UHFFFAOYSA-N","5899","6129"
"XX840601","Training-202",304.2635," POSITIVE",9.52,25,"0156_Fenpropimorph","CC(CN1C[C@H](C)O[C@H](C)C1)Cc1ccc(cc1)C(C)(C)C","InChI=1S/C20H33NO/c1-15(12-21-13-16(2)22-17(3)14-21)11-18-7-9-19(10-8-18)20(4,5)6/h7-10,15-17H,11-14H2,1-6H3/t15?,16-,17+","RYAUSSKQMZRMAI-ALOPSCKCSA-N","84290","93365"
"XX840301","Training-203",298.2741," POSITIVE",9.577,13,"0149_Spiroxamine","CCCN(CC)CC1COC2(CCC(CC2)C(C)(C)C)O1","InChI=1S/C18H35NO2/c1-6-12-19(7-2)13-16-14-20-18(21-16)10-8-15(9-11-18)17(3,4)5/h15-16H,6-14H2,1-5H3","PUYXTUJWRLOUCW-UHFFFAOYSA-N","77719","86160"
"XX874401","Training-204",359.1853," POSITIVE",9.583,218,"2347_Prednisone","CC12CC(=O)C3C(CCC4=CC(=O)C=CC34C)C1CCC2(O)C(=O)CO","InChI=1S/C21H26O5/c1-19-7-5-13(23)9-12(19)3-4-14-15-6-8-21(26,17(25)11-22)20(15,2)10-16(24)18(14)19/h5,7,9,14-15,18,22,26H,3-4,6,8,10-11H2,1-2H3","XOFYZVNMUHMLCC-UHFFFAOYSA-N","4731","4900"
"XX834302","Training-205",360.1565," POSITIVE",9.588,8,"Capecitabine","CCCCCOC(=O)NC1=NC(=O)N(C=C1F)[C@@H]1O[C@H](C)[C@@H](O)[C@H]1O","InChI=1S/C15H22FN3O6/c1-3-4-5-6-24-15(23)18-12-9(16)7-19(14(22)17-12)13-11(21)10(20)8(2)25-13/h7-8,10-11,13,20-21H,3-6H2,1-2H3,(H,17,18,22,23)/t8-,10-,11-,13-/m1/s1","GAGWJHPBXLXJQN-UORFTKCHSA-N","54916","60953"
"XX855001","Training-206",231.1492," POSITIVE",9.727,44,"0012_Propyphenazone","CC(C)C1=C(C)N(C)N(C1=O)c1ccccc1","InChI=1S/C14H18N2O/c1-10(2)13-11(3)15(4)16(14(13)17)12-8-6-5-7-9-12/h5-10H,1-4H3","PXWLVJLKJGVOKE-UHFFFAOYSA-N","3646","3778"
"XX838201","Training-207",213.0789," POSITIVE",9.785,6,"0036_Chlorotoluron","CN(C)C(=O)Nc1ccc(C)c(Cl)c1","InChI=1S/C10H13ClN2O/c1-7-4-5-8(6-9(7)11)12-10(14)13(2)3/h4-6H,1-3H3,(H,12,14)","JXCGFZXSOMJFOA-UHFFFAOYSA-N","25472","27375"
"XX860901","Training-208",292.206," POSITIVE",9.803,30,"2325_Terbinafine","CN(C\C=C\C#CC(C)(C)C)Cc1cccc2ccccc12","InChI=1S/C21H25N/c1-21(2,3)15-8-5-9-16-22(4)17-19-13-10-12-18-11-6-7-14-20(18)19/h5-7,9-14H,16-17H2,1-4H3/b9-5+","DOMXUEMWDBAQBQ-WEVVVXLNSA-N","1266005","1549008"
"XX853401","Training-209",296.103," POSITIVE",9.807,13,"2365_Mebendazole","COC(=O)Nc1nc2ccc(cc2[nH]1)C(=O)c1ccccc1","InChI=1S/C16H13N3O3/c1-22-16(21)19-15-17-12-8-7-11(9-13(12)18-15)14(20)10-5-3-2-4-6-10/h2-9H,1H3,(H2,17,18,19,21)","OPXLLQIJSORQAM-UHFFFAOYSA-N","3890","4030"
"XX882702","Training-210",271.0601," POSITIVE",9.918,41,"0497_Genistein","OC1=CC=C(C=C1)C1=COC2=CC(O)=CC(O)=C2C1=O","InChI=1S/C15H10O5/c16-9-3-1-8(2-4-9)11-7-20-13-6-10(17)5-12(18)14(13)15(11)19/h1-7,16-18H","TZBJGXHYKVUXJN-UHFFFAOYSA-N","4444448","5280961"
"XX841401","Training-211",216.101," POSITIVE",9.936,17,"0229_Atrazine","CCNc1nc(Cl)nc(NC(C)C)n1","InChI=1S/C8H14ClN5/c1-4-10-7-12-6(9)13-8(14-7)11-5(2)3/h5H,4H2,1-3H3,(H2,10,11,12,13,14)","MXWJVTOOROXGIU-UHFFFAOYSA-N","2169","2256"
"XX879401","Training-212",242.1434," POSITIVE",9.956,17,"0203_terbutryn","CCNC1=NC(NC(C)(C)C)=NC(SC)=N1","InChI=1S/C10H19N5S/c1-6-11-7-12-8(15-10(2,3)4)14-9(13-7)16-5/h6H2,1-5H3,(H2,11,12,13,14,15)","IROINLKCQGIITA-UHFFFAOYSA-N","12874","13450"
"XX837601","Training-213",288.1747," POSITIVE",9.986,13,"Tribenzylamin","C(N(CC1=CC=CC=C1)CC1=CC=CC=C1)C1=CC=CC=C1","InChI=1S/C21H21N/c1-4-10-19(11-5-1)16-22(17-20-12-6-2-7-13-20)18-21-14-8-3-9-15-21/h1-15H,16-18H2","MXHTZQSKTCCMFG-UHFFFAOYSA-N","22739","24321"
"XX838102","Training-214",207.1492," POSITIVE",10.106,10,"0017_Isoproturon","CC(C)c1ccc(NC(=O)N(C)C)cc1","InChI=1S/C12H18N2O/c1-9(2)10-5-7-11(8-6-10)13-12(15)14(3)4/h5-9H,1-4H3,(H,13,15)","PUIYMUZLKQOUOZ-UHFFFAOYSA-N","33695","36679"
"XX812904","Training-215",181.076," POSITIVE",10.128,5,"Phenazin","C1=CC2=NC3=CC=CC=C3N=C2C=C1","InChI=1S/C12H8N2/c1-2-6-10-9(5-1)13-11-7-3-4-8-12(11)14-10/h1-8H","PCNDJXKNXGMECE-UHFFFAOYSA-N","4593","4757"
"XX822301","Training-216",192.1383," POSITIVE",10.143,11,"DEET","CCN(CC)C(=O)C1=CC(C)=CC=C1","InChI=1S/C12H17NO/c1-4-13(5-2)12(14)11-8-6-7-10(3)9-11/h6-9H,4-5H2,1-3H3","MMOXZBCLCQITDF-UHFFFAOYSA-N","4133","4284"
"XX839705","Training-217",212.0837," POSITIVE",10.144,15,"0132_Propachlor","CC(C)N(C(=O)CCl)c1ccccc1","InChI=1S/C11H14ClNO/c1-9(2)13(11(14)8-12)10-6-4-3-5-7-10/h3-7,9H,8H2,1-2H3","MFOUDYKPLGXPGO-UHFFFAOYSA-N","4762","4931"
"XX842702","Training-218",235.1441," POSITIVE",10.144,8,"0348_Lenacil","O=C1NC2=C(CCC2)C(=O)N1C1CCCCC1","InChI=1S/C13H18N2O2/c16-12-10-7-4-8-11(10)14-13(17)15(12)9-5-2-1-3-6-9/h9H,1-8H2,(H,14,17)","ZTMKADLOSYKWCA-UHFFFAOYSA-N","15699","16559"
"XX877701","Training-219",233.0243," POSITIVE",10.145,5,"0016_Diuron","CN(C)C(=O)NC1=CC=C(Cl)C(Cl)=C1","InChI=1S/C9H10Cl2N2O/c1-13(2)9(14)12-6-3-4-7(10)8(11)5-6/h3-5H,1-2H3,(H,12,14)","XMTQQYYKAHVGBJ-UHFFFAOYSA-N","3008","3120"
"XX821102","Training-220",281.9986," POSITIVE",10.162,17,"3-Iodopropynyl butylcarbamate","CCCCNC(=O)OC#CCI","InChI=1S/C8H12INO2/c1-2-3-6-10-8(11)12-7-4-5-9/h2-3,5-6H2,1H3,(H,10,11)","DNKGZSOYWMQDTK-UHFFFAOYSA-N","8097426","9921791"
"XX860402","Training-221",287.0582," POSITIVE",10.259,29,"0615_Oxazepam","OC1N=C(c2ccccc2)c2cc(Cl)ccc2NC1=O","InChI=1S/C15H11ClN2O2/c16-10-6-7-12-11(8-10)13(9-4-2-1-3-5-9)18-15(20)14(19)17-12/h1-8,15,20H,(H,17,19)","ADIMAYPTOBDMTL-UHFFFAOYSA-N","4455","4616"
"XX823305","Training-222",223.0965," POSITIVE",10.332,9,"Mono-isobutyl phthalate","CC(C)COC(=O)C1=CC=CC=C1C(O)=O","InChI=1S/C12H14O4/c1-8(2)7-16-12(15)10-6-4-3-5-9(10)11(13)14/h3-6,8H,7H2,1-2H3,(H,13,14)","RZJSUWQGFCHNFS-UHFFFAOYSA-N","83306","92272"
"XX839102","Training-223",280.1543," POSITIVE",10.352,31,"0107_Metalaxyl","COCC(=O)N(C(C)C(=O)OC)c1c(C)cccc1C","InChI=1S/C15H21NO4/c1-10-7-6-8-11(2)14(10)16(13(17)9-19-4)12(3)15(18)20-5/h6-8,12H,9H2,1-5H3","ZQEIXNIJLIKNTD-UHFFFAOYSA-N","38839","42586"
"XX860002","Training-224",321.0192," POSITIVE",10.41,29,"0588_Lorazepam","OC1N=C(c2ccccc2Cl)c2cc(Cl)ccc2NC1=O","InChI=1S/C15H10Cl2N2O2/c16-8-5-6-12-10(7-8)13(19-15(21)14(20)18-12)9-3-1-2-4-11(9)17/h1-7,15,21H,(H,18,20)","DIWRORZWFLOCLC-UHFFFAOYSA-N","3821","3958"
"XX819101","Training-225",515.2442," POSITIVE",10.446,30,"Telmisartan","CCCC1=Nc2c(C)cc(C3=Nc4ccccc4N3C)cc2N1Cc1ccc(-c2ccccc2C(O)=O)cc1","InChI=1S/C33H30N4O2/c1-4-9-30-35-31-21(2)18-24(32-34-27-12-7-8-13-28(27)36(32)3)19-29(31)37(30)20-22-14-16-23(17-15-22)25-10-5-6-11-26(25)33(38)39/h5-8,10-19H,4,9,20H2,1-3H3,(H,38,39)","RMMXLENWKUUMAY-UHFFFAOYSA-N","59391","65999"
"XX879801","Training-226",254.1434," POSITIVE",10.466,28,"0230_Irgarol","CSC1=NC(NC2CC2)=NC(NC(C)(C)C)=N1","InChI=1S/C11H19N5S/c1-11(2,3)16-9-13-8(12-7-5-6-7)14-10(15-9)17-4/h7H,5-6H2,1-4H3,(H2,12,13,14,15,16)","HDHLIWCXDDZUFH-UHFFFAOYSA-N","82701","91590"
"XX839501","Training-227",256.1099," POSITIVE",10.522,20,"0118_Dimethachlor","COCCN(C(=O)CCl)C1=C(C)C=CC=C1C","InChI=1S/C13H18ClNO2/c1-10-5-4-6-11(2)13(10)15(7-8-17-3)12(16)9-14/h4-6H,7-9H2,1-3H3","SCCDDNKJYDZXMM-UHFFFAOYSA-N","36319","39722"
"XX810801","Training-228",200.0069," POSITIVE",10.583,11,"3-bromo-N,N-dimethylaniline","CN(C)C1=CC(Br)=CC=C1","InChI=1S/C8H10BrN/c1-10(2)8-5-3-4-7(9)6-8/h3-6H,1-2H3","USEXQPWLCGBYNT-UHFFFAOYSA-N","21169887","140102"
"XX811302","Training-229",198.1026," POSITIVE",10.583,28,"4-aminoazobenzene","C1=CC=C(C=C1)N=NC2=CC=C(C=C2)N","InChI=1S/C12H11N3/c13-10-6-8-12(9-7-10)15-14-11-4-2-1-3-5-11/h1-9H,13H2","QPQKUYVSJWQSDY-UHFFFAOYSA-N","10447135","6051"
"XX823104","Training-230",257.0808," POSITIVE",10.598,3,"Monobenzyl phthalate","OC(=O)C1=CC=CC=C1C(=O)OCC1=CC=CC=C1","InChI=1S/C15H12O4/c16-14(17)12-8-4-5-9-13(12)15(18)19-10-11-6-2-1-3-7-11/h1-9H,10H2,(H,16,17)","XIKIUQUXDNHBFR-UHFFFAOYSA-N","29430","31736"
"XX833201","Training-231",215.0703," POSITIVE",10.635,7,"2,4-dihydroxybenzophenone","OC1=CC(O)=C(C=C1)C(=O)C1=CC=CC=C1","InChI=1S/C13H10O3/c14-10-6-7-11(12(15)8-10)13(16)9-4-2-1-3-5-9/h1-8,14-15H","ZXDDPOHVAMWLBH-UHFFFAOYSA-N","8254","8572"
"XX822901","Training-232",230.1751," POSITIVE",10.673,19,"Icaridin","CCC(C)OC(=O)N1CCCCC1CCO","InChI=1S/C12H23NO3/c1-3-10(2)16-12(15)13-8-5-4-6-11(13)7-9-14/h10-11,14H,3-9H2,1-2H3","QLHULAHOXSSASE-UHFFFAOYSA-N","111359","125098"
"XX843201","Training-233",240.0786," POSITIVE",10.674,8,"0481_Clomazone","CC1(C)CON(Cc2ccccc2Cl)C1=O","InChI=1S/C12H14ClNO2/c1-12(2)8-16-14(11(12)15)7-9-5-3-4-6-10(9)13/h3-6H,7-8H2,1-2H3","KIEDNEWSYUYDSN-UHFFFAOYSA-N","49469","54778"
"XX847302","Training-234",318.013," POSITIVE",10.778,34,"0006_Azinphos methyl","COP(=S)(OC)SCN1N=Nc2ccccc2C1=O","InChI=1S/C10H12N3O3PS2/c1-15-17(18,16-2)19-7-13-10(14)8-5-3-4-6-9(8)11-12-13/h3-6H,7H2,1-2H3","CJJOSEISRRTUQB-UHFFFAOYSA-N","2181","2268"
"XX856202","Training-235",255.1016," POSITIVE",10.81,24,"0174_Ketoprofen","CC(C(O)=O)c1cccc(c1)C(=O)c1ccccc1","InChI=1S/C16H14O3/c1-11(16(18)19)13-8-5-9-14(10-13)15(17)12-6-3-2-4-7-12/h2-11H,1H3,(H,18,19)","DKYWVDODHFEZIM-UHFFFAOYSA-N","3693","3825"
"XX848402","Training-236",218.0134," POSITIVE",10.816,6,"2356_Propanil","CCC(=O)Nc1ccc(Cl)c(Cl)c1","InChI=1S/C9H9Cl2NO/c1-2-9(13)12-6-3-4-7(10)8(11)5-6/h3-5H,2H2,1H3,(H,12,13)","LFULEKSKNZEWOE-UHFFFAOYSA-N","4764","4933"
"XX841202","Training-237",249.0192," POSITIVE",10.844,30,"0201_Linuron","CON(C)C(=O)Nc1ccc(Cl)c(Cl)c1","InChI=1S/C9H10Cl2N2O2/c1-13(15-2)9(14)12-6-3-4-7(10)8(11)5-6/h3-5H,1-2H3,(H,12,14)","XKJMBINCVNINCA-UHFFFAOYSA-N","9130","9502"
"XX881701","Training-238",182.0093," POSITIVE",10.844,5,"0369_2-(Methylthio)benzothiazole","CSC1=NC2=CC=CC=C2S1","InChI=1S/C8H7NS2/c1-10-8-9-6-4-2-3-5-7(6)11-8/h2-5H,1H3","UTBVIMLZIRIFFR-UHFFFAOYSA-N","11494","11989"
"XX854403","Training-239",231.1016," POSITIVE",10.942,23,"0001_Naproxen","COc1ccc2cc(ccc2c1)C(C)C(O)=O","InChI=1S/C14H14O3/c1-9(14(15)16)10-3-4-12-8-13(17-2)6-5-11(12)7-10/h3-9H,1-2H3,(H,15,16)","CMWTZPSULFXXJA-UHFFFAOYSA-N","1262","1302"
"XX818701","Training-240",429.2397," POSITIVE",10.959,35,"Irbesartan","CCCCC1=NC2(CCCC2)C(=O)N1Cc1ccc(-c2ccccc2C2NN=NN=2)cc1","InChI=1S/C25H28N6O/c1-2-3-10-22-26-25(15-6-7-16-25)24(32)31(22)17-18-11-13-19(14-12-18)20-8-4-5-9-21(20)23-27-29-30-28-23/h4-5,8-9,11-14H,2-3,6-7,10,15-17H2,1H3,(H,27,28,29,30)","YOSHYTLCDANDAN-UHFFFAOYSA-N","3618","3749"
"XX858002","Training-241",204.1383," POSITIVE",10.999,28,"0462_Crotamiton","CCN(C(=O)\C=C\C)c1ccccc1C","InChI=1S/C13H17NO/c1-4-8-13(15)14(5-2)12-10-7-6-9-11(12)3/h4,6-10H,5H2,1-3H3/b8-4+","DNTGGZPQPQTDQF-XBXARRHUSA-N","599515","688020"
"XX839002","Training-242",276.082," POSITIVE",11.052,54,"0092_Dimethenamid","COCC(C)N(C(=O)CCl)C1=C(C)SC=C1C","InChI=1S/C12H18ClNO2S/c1-8-7-17-10(3)12(8)14(11(15)5-13)9(2)6-16-4/h7,9H,5-6H2,1-4H3","JLYFCTQDENRSOL-UHFFFAOYSA-N","82842","91744"
"XX843301","Training-243",226.0896," POSITIVE",11.07,22,"0484_Methiocarb","CNC(=O)Oc1cc(C)c(SC)c(C)c1","InChI=1S/C11H15NO2S/c1-7-5-9(14-11(13)12-3)6-8(2)10(7)15-4/h5-6H,1-4H3,(H,12,13)","YFBPRJGDJKVWAH-UHFFFAOYSA-N","15417","16248"
"XX856001","Training-244",285.0789," POSITIVE",11.075,46,"0162_Diazepam","CN1c2ccc(Cl)cc2C(=NCC1=O)c1ccccc1","InChI=1S/C16H13ClN2O/c1-19-14-8-7-12(17)9-13(14)16(18-10-15(19)20)11-5-3-2-4-6-11/h2-9H,10H2,1H3","AAOVKJBEBIDNHE-UHFFFAOYSA-N","2908","3016"
"XX881301","Training-245",279.0933," POSITIVE",11.109,15,"0347_Triphenylphosphine oxide","O=P(C1=CC=CC=C1)(C1=CC=CC=C1)C1=CC=CC=C1","InChI=1S/C18H15OP/c19-20(16-10-4-1-5-11-16,17-12-6-2-7-13-17)18-14-8-3-9-15-18/h1-15H","FIQMHBFVRAXMOP-UHFFFAOYSA-N","12549","13097"
"XX841303","Training-246",230.1167," POSITIVE",11.127,15,"0202_Terbuthylazine","CCNc1nc(Cl)nc(NC(C)(C)C)n1","InChI=1S/C9H16ClN5/c1-5-11-7-12-6(10)13-8(14-7)15-9(2,3)4/h5H2,1-4H3,(H2,11,12,13,14,15)","FZXISNSWEXTPMF-UHFFFAOYSA-N","20848","22206"
"XX873201","Training-247",287.2006," POSITIVE",11.141,54,"0507_4-Androstene-3.17-dione","CC12CCC3C(CCC4=CC(=O)CCC34C)C1CCC2=O","InChI=1S/C19H26O2/c1-18-9-7-13(20)11-12(18)3-4-14-15-5-6-17(21)19(15,2)10-8-16(14)18/h11,14-16H,3-10H2,1-2H3","AEMFNILZOJDQLW-UHFFFAOYSA-N","2108","2193"
"XX843802","Training-248",334.1049," POSITIVE",11.24,54,"0511_Flurtamone","CNC1=C(C(=O)C(O1)c1ccccc1)c1cccc(c1)C(F)(F)F","InChI=1S/C18H14F3NO2/c1-22-17-14(12-8-5-9-13(10-12)18(19,20)21)15(23)16(24-17)11-6-3-2-4-7-11/h2-10,16,22H,1H3","NYRMIJKDBAQCHC-UHFFFAOYSA-N","82853","91755"
"XX846703","Training-249",256.029," POSITIVE",11.24,20,"2538_Propyzamide","CC(C)(NC(=O)C1=CC(Cl)=CC(Cl)=C1)C#C","InChI=1S/C12H11Cl2NO/c1-4-12(2,3)15-11(16)8-5-9(13)7-10(14)6-8/h1,5-7H,2-3H3,(H,15,16)","PHNUZKMIPFFYSO-UHFFFAOYSA-N","29822","32154"
"XX834702","Training-250",309.1121," POSITIVE",11.299,30,"Warfarin","CC(=O)CC(C1=CC=CC=C1)C1=C(O)C2=CC=CC=C2OC1=O","InChI=1S/C19H16O4/c1-12(20)11-15(13-7-3-2-4-8-13)17-18(21)14-9-5-6-10-16(14)23-19(17)22/h2-10,15,21H,11H2,1H3","PJVWKTKQMONHTI-UHFFFAOYSA-N","10442445","54678486"
"XX840502","Training-251",404.1241," POSITIVE",11.316,115,"0155_Azoxystrobin","CO\C=C(\C(=O)OC)c1ccccc1Oc1cc(Oc2ccccc2C#N)ncn1","InChI=1S/C22H17N3O5/c1-27-13-17(22(26)28-2)16-8-4-6-10-19(16)30-21-11-20(24-14-25-21)29-18-9-5-3-7-15(18)12-23/h3-11,13-14H,1-2H3/b17-13+","WFDXOXNFNRHQEC-GHRIWEEISA-N","2298772","3034285"
"XX843603","Training-252",343.0399," POSITIVE",11.316,32,"0489_Boscalid","Clc1ccc(cc1)-c1ccccc1NC(=O)c1cccnc1Cl","InChI=1S/C18H12Cl2N2O/c19-13-9-7-12(8-10-13)14-4-1-2-6-16(14)22-18(23)15-5-3-11-21-17(15)20/h1-11H,(H,22,23)","WYEMLYFITZORAB-UHFFFAOYSA-N","184713","213013"
"XX881002","Training-253",327.0081," POSITIVE",11.392,9,"0327_Tris(1-chloro-2-propyl)phosphate","CC(CCl)OP(=O)(OC(C)CCl)OC(C)CCl","InChI=1S/C9H18Cl3O4P/c1-7(4-10)14-17(13,15-8(2)5-11)16-9(3)6-12/h7-9H,4-6H2,1-3H3","KVMPUXDNESXNOH-UHFFFAOYSA-N","24387","26176"
"XX808601","Training-254",170.0964," POSITIVE",11.409,12,"Diphenylamin","N(C1=CC=CC=C1)C1=CC=CC=C1","InChI=1S/C12H11N/c1-3-7-11(8-4-1)13-12-9-5-2-6-10-12/h1-10,13H","DMBHHRLKUKUOEG-UHFFFAOYSA-N","11003","11487"
"XX854802","Training-255",362.1154," POSITIVE",11.455,38,"0009_Bezafibrate","CC(C)(Oc1ccc(CCNC(=O)c2ccc(Cl)cc2)cc1)C(O)=O","InChI=1S/C19H20ClNO4/c1-19(2,18(23)24)25-16-9-3-13(4-10-16)11-12-21-17(22)14-5-7-15(20)8-6-14/h3-10H,11-12H2,1-2H3,(H,21,22)(H,23,24)","IIBYAHWJQTYFKB-UHFFFAOYSA-N","35728","39042"
"XX873001","Training-256",289.2162," POSITIVE",11.482,62,"0495_Testosterone","CC12CCC3C(CCC4=CC(=O)CCC34C)C1CCC2O","InChI=1S/C19H28O2/c1-18-9-7-13(20)11-12(18)3-4-14-15-5-6-17(21)19(15,2)10-8-16(14)18/h11,14-17,21H,3-10H2,1-2H3","MUMGGOZAMZWBJJ-UHFFFAOYSA-N","5215","5408"
"XX848503","Training-257",284.024," POSITIVE",11.594,52,"2385_Procymidone","CC12CC1(C)C(=O)N(C2=O)c1cc(Cl)cc(Cl)c1","InChI=1S/C13H11Cl2NO2/c1-12-6-13(12,2)11(18)16(10(12)17)9-4-7(14)3-8(15)5-9/h3-5H,6H2,1-2H3","QXJKBPAVAHBARF-UHFFFAOYSA-N","33326","36242"
"XX838301","Training-258",289.1215," POSITIVE",11.6,30,"0043_Myclobutanil","CCCCC(Cn1cncn1)(C#N)c1ccc(Cl)cc1","InChI=1S/C15H17ClN4/c1-2-3-8-15(9-17,10-20-12-18-11-19-20)13-4-6-14(16)7-5-13/h4-7,11-12H,2-3,8,10H2,1H3","HZJKXKUJVSEEFU-UHFFFAOYSA-N","6096","6336"
"XX842603","Training-259",291.0895," POSITIVE",11.638,15,"0343_Chloroxuron","CN(C)C(=O)Nc1ccc(Oc2ccc(Cl)cc2)cc1","InChI=1S/C15H15ClN2O2/c1-18(2)15(19)17-12-5-9-14(10-6-12)20-13-7-3-11(16)4-8-13/h3-10H,1-2H3,(H,17,19)","IVUXTESCPZUGJC-UHFFFAOYSA-N","15299","16115"
"XX868501","Training-260",280.1543," POSITIVE",11.652,42,"0431_Metolachlor OA","CCC1=CC=CC(C)=C1N(C(C)COC)C(=O)C(O)=O","InChI=1S/C15H21NO4/c1-5-12-8-6-7-10(2)13(12)16(11(3)9-20-4)14(17)15(18)19/h6-8,11H,5,9H2,1-4H3,(H,18,19)","LNOOSYCKMKZOJB-UHFFFAOYSA-N","21170688","15842092"
"XX879601","Training-261",214.126," POSITIVE",11.809,7,"0226_2-Octyl-4-isothiazolin-3-one","CCCCCCCCN1SC=CC1=O","InChI=1S/C11H19NOS/c1-2-3-4-5-6-7-9-12-11(13)8-10-14-12/h8,10H,2-7,9H2,1H3","JPMIIZHYYWMHDT-UHFFFAOYSA-N","30932","33528"
"XX818002","Training-262",280.1121," POSITIVE",11.82,3,"Dibenz[a,j]acridine","C1=CC=C2C(C=CC3=NC4=C(C=C23)C2=CC=CC=C2C=C4)=C1","InChI=1S/C21H13N/c1-3-7-16-14(5-1)9-11-20-18(16)13-19-17-8-4-2-6-15(17)10-12-21(19)22-20/h1-13H","ANUCHZVCBDOPOX-UHFFFAOYSA-N","8822","9177"
"XX848201","Training-263",270.1255," POSITIVE",11.858,39,"0932_Acetochlor","CCOCN(C(=O)CCl)c1c(C)cccc1CC","InChI=1S/C14H20ClNO2/c1-4-12-8-6-7-11(3)14(12)16(10-18-5-2)13(17)9-15/h6-8H,4-5,9-10H2,1-3H3","VTNQPKFIQCLBDU-UHFFFAOYSA-N","1911","1988"
"XX839902","Training-264",296.1412," POSITIVE",11.865,30,"0144_Pethoxamid","CCOCCN(C(=O)CCl)C(=C(C)C)c1ccccc1","InChI=1S/C16H22ClNO2/c1-4-20-11-10-18(15(19)12-17)16(13(2)3)14-8-6-5-7-9-14/h5-9H,4,10-12H2,1-3H3","CSWIKHNSBZVWNQ-UHFFFAOYSA-N","4953376","6450826"
"XX847802","Training-265",346.0443," POSITIVE",11.896,51,"0182_Ethyl azinphos","CCOP(=S)(OCC)SCN1N=Nc2ccccc2C1=O","InChI=1S/C12H16N3O3PS2/c1-3-17-19(20,18-4-2)21-9-15-12(16)10-7-5-6-8-11(10)13-14-15/h5-8H,3-4,9H2,1-2H3","RQVGAIADHNPSME-UHFFFAOYSA-N","16576","17531"
"XX838902","Training-266",376.0381," POSITIVE",11.903,48,"0091_Prochloraz","CCCN(CCOc1c(Cl)cc(Cl)cc1Cl)C(=O)n1ccnc1","InChI=1S/C15H16Cl3N3O2/c1-2-4-20(15(22)21-5-3-19-10-21)6-7-23-14-12(17)8-11(16)9-13(14)18/h3,5,8-10H,2,4,6-7H2,1H3","TVLSRXXIMLFWEO-UHFFFAOYSA-N","66316","73665"
"XX839603","Training-267",364.0737," POSITIVE",11.903,20,"0127_Flufenacet","CC(C)N(C(=O)COc1nnc(s1)C(F)(F)F)c1ccc(F)cc1","InChI=1S/C14H13F4N3O2S/c1-8(2)21(10-5-3-9(15)4-6-10)11(22)7-23-13-20-19-12(24-13)14(16,17)18/h3-6,8H,7H2,1-2H3","IANUJLZYFUDJIH-UHFFFAOYSA-N","77944","86429"
"XX843701","Training-268",312.0665," POSITIVE",11.903,39,"0490_Prothioconazole-desthio","OC(Cc1ccccc1Cl)(Cn1cncn1)C1(Cl)CC1","InChI=1S/C14H15Cl2N3O/c15-12-4-2-1-3-11(12)7-14(20,13(16)5-6-13)8-19-10-17-9-18-19/h1-4,9-10,20H,5-8H2","HHUQPWODPBDTLI-UHFFFAOYSA-N","106612","119361"
"XX846503","Training-269",347.102," POSITIVE",11.922,172,"2536_Oryzalin","CCCN(CCC)C1=C(C=C(C=C1[N+]([O-])=O)S(N)(=O)=O)[N+]([O-])=O","InChI=1S/C12H18N4O6S/c1-3-5-14(6-4-2)12-10(15(17)18)7-9(23(13,21)22)8-11(12)16(19)20/h7-8H,3-6H2,1-2H3,(H2,13,21,22)","UNAHYJYOSSSJHH-UHFFFAOYSA-N","27326","29393"
"XX841801","Training-270",284.1412," POSITIVE",11.941,37,"0274_Metolachlor","CCc1cccc(C)c1N(C(C)COC)C(=O)CCl","InChI=1S/C15H22ClNO2/c1-5-13-8-6-7-11(2)15(13)17(14(18)9-16)12(3)10-19-4/h6-8,12H,5,9-10H2,1-4H3","WVQBLGZPHOPPFO-UHFFFAOYSA-N","4025","4169"
"XX862902","Training-271",229.0859," POSITIVE",11.957,15,"0081_Benzophenone-3","COc1ccc(C(=O)c2ccccc2)c(O)c1","InChI=1S/C14H12O3/c1-17-11-7-8-12(13(15)9-11)14(16)10-5-3-2-4-6-10/h2-9,15H,1H3","DXGLGDHPHMLXJC-UHFFFAOYSA-N","4471","4632"
"XX840702","Training-272",330.0804," POSITIVE",11.96,23,"0157_Epoxiconazole","FC1=CC=C(C=C1)C1(CN2C=NC=N2)OC1C1=CC=CC=C1Cl","InChI=1S/C17H13ClFN3O/c18-15-4-2-1-3-14(15)16-17(23-16,9-22-11-20-10-21-22)12-5-7-13(19)8-6-12/h1-8,10-11,16H,9H2","ZMYFCFLJBGAQRS-UHFFFAOYSA-N","2564795","3317081"
"XX868601","Training-273",330.137," POSITIVE",12.107,40,"0432_Metolachlor ESA","CCC1=CC=CC(C)=C1N(C(C)COC)C(=O)CS(O)(=O)=O","InChI=1S/C15H23NO5S/c1-5-13-8-6-7-11(2)15(13)16(12(3)9-21-4)14(17)10-22(18,19)20/h6-8,12H,5,9-10H2,1-4H3,(H,18,19,20)","CIGKZVUEZXGYSV-UHFFFAOYSA-N","4932269","6426849"
"XX838502","Training-274",316.1076," POSITIVE",12.149,65,"0064_Flusilazole","C[Si](Cn1cncn1)(c1ccc(F)cc1)c1ccc(F)cc1","InChI=1S/C16H15F2N3Si/c1-22(12-21-11-19-10-20-21,15-6-2-13(17)3-7-15)16-8-4-14(18)5-9-16/h2-11H,12H2,1H3","FQKUGOMFVDPBIZ-UHFFFAOYSA-N","66326","73675"
"XX856902","Training-275",296.024," POSITIVE",12.253,8,"0235_Diclofenac","OC(=O)Cc1ccccc1Nc1c(Cl)cccc1Cl","InChI=1S/C14H11Cl2NO2/c15-10-5-3-6-11(16)14(10)17-12-7-2-1-4-9(12)8-13(18)19/h1-7,17H,8H2,(H,18,19)","DCOPUUMXTXDBNB-UHFFFAOYSA-N","2925","3033"
"XX810601","Training-276",221.0961," POSITIVE",12.265,4,"3-Acetylphenanthren","CC(=O)C1=CC=C2C=CC3=CC=CC=C3C2=C1","InChI=1S/C16H12O/c1-11(17)14-9-8-13-7-6-12-4-2-3-5-15(12)16(13)10-14/h2-10H,1H3","JKVNPRNAHRHQDD-UHFFFAOYSA-N","67431","74867"
"XX842302","Training-277",308.1524," POSITIVE",12.301,28,"0319_Tebuconazole","CC(C)(C)C(O)(CCc1ccc(Cl)cc1)Cn1cncn1","InChI=1S/C16H22ClN3O/c1-15(2,3)16(21,10-20-12-18-11-19-20)9-8-13-4-6-14(17)7-5-13/h4-7,11-12,21H,8-10H2,1-3H3","PXMNMQRDXWABCY-UHFFFAOYSA-N","77680","86102"
"XX861101","Training-278",358.0841," POSITIVE",12.347,18,"2328_Indometacin","COc1ccc2n(C(=O)c3ccc(Cl)cc3)c(C)c(CC(O)=O)c2c1","InChI=1S/C19H16ClNO4/c1-11-15(10-18(22)23)16-9-14(25-2)7-8-17(16)21(11)19(24)12-3-5-13(20)6-4-12/h3-9H,10H2,1-2H3,(H,22,23)","CGIGDMFJXJATDK-UHFFFAOYSA-N","3584","3715"
"XX828202","Training-279",231.0804," POSITIVE",12.359,4,"1,9-Benz-10-anthrone","O=C1c2ccccc2-c2cccc3cccc1c23","InChI=1S/C17H10O/c18-17-14-8-2-1-7-12(14)13-9-3-5-11-6-4-10-15(17)16(11)13/h1-10H","HUKPVYBUJRAUAG-UHFFFAOYSA-N","6442","6697"
"XX851803","Training-280",316.0347," POSITIVE",12.374,87,"2254_Efavirenz","FC(F)(F)[C@]1(OC(=O)NC2=C1C=C(Cl)C=C2)C#CC1CC1","InChI=1S/C14H9ClF3NO2/c15-9-3-4-11-10(7-9)13(14(16,17)18,21-12(20)19-11)6-5-8-1-2-8/h3-4,7-8H,1-2H2,(H,19,20)/t13-/m0/s1","XPOQHMRABVBWPR-ZDUSSCGKSA-N","57715","64139"
"XX841502","Training-281",342.0771," POSITIVE",12.414,19,"0232_Propiconazole","CCCC1COC(Cn2cncn2)(O1)c1ccc(Cl)cc1Cl","InChI=1S/C15H17Cl2N3O2/c1-2-3-12-7-21-15(22-12,8-20-10-18-9-19-20)13-5-4-11(16)6-14(13)17/h4-6,9-10,12H,2-3,7-8H2,1H3","STJLVHWMYQXCPB-UHFFFAOYSA-N","39402","43234"
"XX872401","Training-282",315.2319," POSITIVE",12.449,91,"0221_Progesterone","CC(=O)C1CCC2C3CCC4=CC(=O)CCC4(C)C3CCC12C","InChI=1S/C21H30O2/c1-13(22)17-6-7-18-16-5-4-14-12-15(23)8-10-20(14,2)19(16)9-11-21(17,18)3/h12,16-19H,4-11H2,1-3H3","RJKFOVLPORLFTN-UHFFFAOYSA-N","4751","4920"
"XX844702","Training-283",326.1751," POSITIVE",12.49,17,"2329_Benalaxyl","COC(=O)C(C)N(C(=O)Cc1ccccc1)c1c(C)cccc1C","InChI=1S/C20H23NO3/c1-14-9-8-10-15(2)19(14)21(16(3)20(23)24-4)18(22)13-17-11-6-5-7-12-17/h5-12,16H,13H2,1-4H3","CJPQIRJHIZUAQP-UHFFFAOYSA-N","46525","51369"
"XX856602","Training-284",232.0524," POSITIVE",12.499,9,"0195_2-(2-(Chlorophenyl)amino)benzaldehyde","ClC1=CC=CC=C1NC1=CC=CC=C1C=O","InChI=1S/C13H10ClNO/c14-11-6-2-4-8-13(11)15-12-7-3-1-5-10(12)9-16/h1-9,15H","DAAHPDZFLSFYPJ-UHFFFAOYSA-N","26001359","53423421"
"XX877901","Training-285",305.1083," POSITIVE",12.528,23,"0033_Diazinone","CCOP(=S)(OCC)OC1=CC(C)=NC(=N1)C(C)C","InChI=1S/C12H21N2O3PS/c1-6-15-18(19,16-7-2)17-11-8-10(5)13-12(14-11)9(3)4/h8-9H,6-7H2,1-5H3","FHIVAFMUCKRCQO-UHFFFAOYSA-N","2909","3017"
"XX844602","Training-286",320.1524," POSITIVE",12.566,18,"2227_Metconazole","CC1(C)CCC(Cc2ccc(Cl)cc2)C1(O)Cn1cncn1","InChI=1S/C17H22ClN3O/c1-16(2)8-7-14(9-13-3-5-15(18)6-4-13)17(16,22)10-21-12-19-11-20-21/h3-6,11-12,14,22H,7-10H2,1-2H3","XWPZUHJBOLQNMN-UHFFFAOYSA-N","77764","86210"
"XX824902","Training-287",327.0781," POSITIVE",12.72,44,"Triphenylphosphate","O=P(OC1=CC=CC=C1)(OC1=CC=CC=C1)OC1=CC=CC=C1","InChI=1S/C18H15O4P/c19-23(20-16-10-4-1-5-11-16,21-17-12-6-2-7-13-17)22-18-14-8-3-9-15-18/h1-15H","XZZNDPSIHUTMOC-UHFFFAOYSA-N","7988","8289"
"XX846802","Training-288",388.1059," POSITIVE",12.775,93,"2539_Pyraclostrobin","CON(C(=O)OC)C1=C(COC2=NN(C=C2)C2=CC=C(Cl)C=C2)C=CC=C1","InChI=1S/C19H18ClN3O4/c1-25-19(24)23(26-2)17-6-4-3-5-14(17)13-27-18-11-12-22(21-18)16-9-7-15(20)8-10-16/h3-12H,13H2,1-2H3","HZRSNVGNWUDEFX-UHFFFAOYSA-N","4928348","6422843"
"XX812701","Training-289",220.1121," POSITIVE",12.812,21,"N-phenyl-1-naphthylamine","C1=CC=C(C=C1)NC2=CC=CC3=CC=CC=C32","InChI=1S/C16H13N/c1-2-9-14(10-3-1)17-16-12-6-8-13-7-4-5-11-15(13)16/h1-12,17H","XQVWYOYUZDUNRW-UHFFFAOYSA-N","6746","7013"
"XX836601","Training-290",220.1121," POSITIVE",12.814,19,"N-Phenyl-2-naphthylamin","N(C1=CC=CC=C1)C1=CC2=CC=CC=C2C=C1","InChI=1S/C16H13N/c1-2-8-15(9-3-1)17-16-11-10-13-6-4-5-7-14(13)12-16/h1-12,17H","KEQFTVQCIQJIQW-UHFFFAOYSA-N","8355","8679"
"XX857001","Training-291",242.1176," POSITIVE",12.974,8,"0246_Mefenamic acid","Cc1cccc(Nc2ccccc2C(O)=O)c1C","InChI=1S/C15H15NO2/c1-10-6-5-9-13(11(10)2)16-14-8-4-3-7-12(14)15(17)18/h3-9,16H,1-2H3,(H,17,18)","HYYBABOKPJLUIN-UHFFFAOYSA-N","3904","4044"
"XX845701","Training-292",406.072," POSITIVE",12.983,28,"2528_Difenoconazole","CC1COC(CN2C=NC=N2)(O1)C1=C(Cl)C=C(OC2=CC=C(Cl)C=C2)C=C1","InChI=1S/C19H17Cl2N3O3/c1-13-9-25-19(27-13,10-24-12-22-11-23-24)17-7-6-16(8-18(17)21)26-15-4-2-14(20)3-5-15/h2-8,11-13H,9-10H2,1H3","BQYJATMQXGBDHF-UHFFFAOYSA-N","77730","86173"
"XX880703","Training-293",314.9853," POSITIVE",13.114,13,"0322_Triclocarban","ClC1=CC=C(NC(=O)NC2=CC=C(Cl)C(Cl)=C2)C=C1","InChI=1S/C13H9Cl3N2O/c14-8-1-3-9(4-2-8)17-13(19)18-10-5-6-11(15)12(16)7-10/h1-7H,(H2,17,18,19)","ICUTUKXCWQYESQ-UHFFFAOYSA-N","7266","7547"
"XX839802","Training-294",252.1417," POSITIVE",13.154,7,"0138_Prosulfocarb","CCCN(CCC)C(=O)SCc1ccccc1","InChI=1S/C14H21NOS/c1-3-10-15(11-4-2)14(16)17-12-13-8-6-5-7-9-13/h5-9H,3-4,10-12H2,1-2H3","NQLVQOSNDJXLKG-UHFFFAOYSA-N","55867","62020"
"XX838403","Training-295",395.0813," POSITIVE",13.192,39,"0063_Diflufenican","Fc1ccc(NC(=O)c2cccnc2Oc2cccc(c2)C(F)(F)F)c(F)c1","InChI=1S/C19H11F5N2O2/c20-12-6-7-16(15(21)10-12)26-17(27)14-5-2-8-25-18(14)28-13-4-1-3-11(9-13)19(22,23)24/h1-10H,(H,26,27)","WYEHFWKAOXOVJD-UHFFFAOYSA-N","82834","91735"
"XX836901","Training-296",313.1434," POSITIVE",13.193,8,"Phthals√§urebenzbutylester","CCCCOC(=O)C1=CC=CC=C1C(=O)OCC1=CC=CC=C1","InChI=1S/C19H20O4/c1-2-3-13-22-18(20)16-11-7-8-12-17(16)19(21)23-14-15-9-5-4-6-10-15/h4-12H,2-3,13-14H2,1H3","IRIAEXORFWYRCZ-UHFFFAOYSA-N","2257","2347"
"XX822401","Training-297",279.1591," POSITIVE",13.194,10,"Dibutyl phthalate","CCCCOC(=O)C1=CC=CC=C1C(=O)OCCCC","InChI=1S/C16H22O4/c1-3-5-11-19-15(17)13-9-7-8-10-14(13)16(18)20-12-6-4-2/h7-10H,3-6,11-12H2,1-2H3","DOIRQSBPFJWKBE-UHFFFAOYSA-N","13837319","3026"
"XX838602","Training-298",409.137," POSITIVE",13.23,39,"0065_Trifloxystrobin","CO\N=C(/C(=O)OC)c1ccccc1CO\N=C(/C)c1cccc(c1)C(F)(F)F","InChI=1S/C20H19F3N2O4/c1-13(14-8-6-9-16(11-14)20(21,22)23)24-29-12-15-7-4-5-10-17(15)18(25-28-3)19(26)27-2/h4-11H,12H2,1-3H3/b24-13+,25-18-","ONCZDRURRATYFI-QTCHDTBASA-N","7852932","9578570"
"XX880602","Training-299",399.2506," POSITIVE",13.456,20,"0321_Tri(butoxyethyl)phosphate","CCCCOCCOP(=O)(OCCOCCCC)OCCOCCCC","InChI=1S/C18H39O7P/c1-4-7-10-20-13-16-23-26(19,24-17-14-21-11-8-5-2)25-18-15-22-12-9-6-3/h4-18H2,1-3H3","WTLBZVNBAKMVDP-UHFFFAOYSA-N","6292","6540"
"XX843104","Training-300",308.004," POSITIVE",13.458,33,"0466_Quinoxyfen","Fc1ccc(Oc2ccnc3cc(Cl)cc(Cl)c23)cc1","InChI=1S/C15H8Cl2FNO/c16-9-7-12(17)15-13(8-9)19-6-5-14(15)20-11-3-1-10(18)2-4-11/h1-8H","WRPIRSINYZBGPK-UHFFFAOYSA-N","2635909","3391107"
"XX883402","Training-301",282.0481," POSITIVE",13.475,10,"1009_DCOIT","CCCCCCCCN1SC(Cl)=C(Cl)C1=O","InChI=1S/C11H17Cl2NOS/c1-2-3-4-5-6-7-8-14-11(15)9(12)10(13)16-14/h2-8H2,1H3","PORQOHRXAJJKGK-UHFFFAOYSA-N","82791","91688"
"XX820403","Training-302",255.0838," POSITIVE",13.592,7,"2-Isopropylthioxanthone","CC(C)C1=CC2=C(SC3=CC=CC=C3C2=O)C=C1","InChI=1S/C16H14OS/c1-10(2)11-7-8-15-13(9-11)16(17)12-5-3-4-6-14(12)18-15/h3-10H,1-2H3","KTALPKYXQZGAEG-UHFFFAOYSA-N","71936","79633"
"XX846603","Training-303",345.0767," POSITIVE",13.61,50,"2537_Oxadiazone","CC(C)OC1=CC(N2N=C(OC2=O)C(C)(C)C)=C(Cl)C=C1Cl","InChI=1S/C15H18Cl2N2O3/c1-8(2)21-12-7-11(9(16)6-10(12)17)19-14(20)22-13(18-19)15(3,4)5/h6-8H,1-5H3","CHNUNORXWHYHNE-UHFFFAOYSA-N","27628","29732"
"XX843903","Training-304",377.0908," POSITIVE",13.647,31,"0513_Picolinafen","FC1=CC=C(NC(=O)C2=NC(OC3=CC=CC(=C3)C(F)(F)F)=CC=C2)C=C1","InChI=1S/C19H12F4N2O2/c20-13-7-9-14(10-8-13)24-18(26)16-5-2-6-17(25-16)27-15-4-1-3-12(11-15)19(21,22)23/h1-11H,(H,24,26)","CWKFPEBMTGKLKX-UHFFFAOYSA-N","2542991","3294375"
"XX817703","Training-305",349.9336," POSITIVE",13.753,33,"Chlorpyrifos","CCOP(=S)(OCC)OC1=NC(Cl)=C(Cl)C=C1Cl","InChI=1S/C9H11Cl3NO3PS/c1-3-14-17(18,15-4-2)16-9-7(11)5-6(10)8(12)13-9/h5H,3-4H2,1-2H3","SBPBAQFWLVIOKP-UHFFFAOYSA-N","2629","2730"
"XX848803","Training-306",304.0091," POSITIVE",13.774,20,"2544_Triallate","CC(C)N(C(C)C)C(=O)SCC(Cl)=C(Cl)Cl","InChI=1S/C10H16Cl3NOS/c1-6(2)14(7(3)4)10(15)16-5-8(11)9(12)13/h6-7H,5H2,1-4H3","MWBPRDONLNQCFV-UHFFFAOYSA-N","5342","5543"
"XX826701","Training-307",280.1121," POSITIVE",14.107,3,"Dibenz[a,h]acridine","C1=CC=C2C(C=CC3=NC4=C(C=CC5=CC=CC=C45)C=C23)=C1","InChI=1S/C21H13N/c1-3-7-17-14(5-1)11-12-20-19(17)13-16-10-9-15-6-2-4-8-18(15)21(16)22-20/h1-13H","JNCSIWAONQTVCF-UHFFFAOYSA-N","8828","9183"
"XX814103","Training-308",362.2115," POSITIVE",14.495,37,"2-Ethylhexyl 2-cyano-3,3-diphenylacrylate","CCCCC(CC)COC(=O)C(C#N)=C(C1=CC=CC=C1)C1=CC=CC=C1","InChI=1S/C24H27NO2/c1-3-5-12-19(4-2)18-27-24(26)22(17-25)23(20-13-8-6-9-14-20)21-15-10-7-11-16-21/h6-11,13-16,19H,3-5,12,18H2,1-2H3","FMJSMJQBSVNSBF-UHFFFAOYSA-N","21165","22571"
"XX821404","Training-309",179.0703," POSITIVE",14.637,17,"4-Methoxycinnamic acid","COC1=CC=C(\C=C\C(O)=O)C=C1","InChI=1S/C10H10O3/c1-13-9-5-2-8(3-6-9)4-7-10(11)12/h2-7H,1H3,(H,11,12)/b7-4+","AFDXODALSZRGIH-QPJJXVBHSA-N","609479","699414"
"XX821501","Training-310",161.0597," POSITIVE",14.732,14,"4-Methylcoumarin","CC1=CC(=O)OC2=CC=CC=C12","InChI=1S/C10H8O2/c1-7-6-10(11)12-9-5-3-2-4-8(7)9/h2-6H,1H3","PSGQCCSGKGJLRL-UHFFFAOYSA-N","11340","11833"
"XX818501","Training-311",391.2843," POSITIVE",15.685,13,"Di(2-ethylhexyl)phthalate (DEHP)","CCCCC(CC)COC(=O)c1ccccc1C(=O)OCC(CC)CCCC","InChI=1S/C24H38O4/c1-5-9-13-19(7-3)17-27-23(25)21-15-11-12-16-22(21)24(26)28-18-20(8-4)14-10-6-2/h11-12,15-16,19-20H,5-10,13-14,17-18H2,1-4H3","BJQHLKABXJIVAM-UHFFFAOYSA-N","21106505","8343"
"XX883301","Training-312",323.2346," POSITIVE",19.898,6,"0827_Bis(2-ethylhexyl)phosphate","CCCCC(CC)COP(O)(=O)OCC(CC)CCCC","InChI=1S/C16H35O4P/c1-5-9-11-15(7-3)13-19-21(17,18)20-14-16(8-4)12-10-6-2/h15-16H,5-14H2,1-4H3,(H,17,18)","SEGLCEQVOFDUPX-UHFFFAOYSA-N","8918","9275"
